,strain,rating,reviewCount
0,blue-dream,4.3 ,13068
1,gelato,4.7 ,1489
2,sour-diesel,4.3 ,7551
3,wedding-cake,4.6 ,879
4,gsc,4.4 ,6937
5,purple-punch,4.6 ,772
6,og-kush,4.3 ,5083
7,original-glue,4.7 ,4036
8,jack-herer,4.3 ,4236
9,green-crack,4.3 ,6234
10,granddaddy-purple,4.4 ,4714
11,white-widow,4.3 ,3945
12,sunset-sherbert,4.6 ,1215
13,runtz,4.7 ,94
14,pineapple-express,4.4 ,3464
15,zkittlez,4.6 ,480
16,northern-lights,4.4 ,3011
17,mimosa,4.5 ,394
18,do-si-dos,4.7 ,579
19,bubba-kush,4.2 ,3180
20,durban-poison,4.4 ,3068
21,forbidden-fruit,4.7 ,552
22,chemdawg,4.2 ,2141
23,ak-47,4 ,2758
24,trainwreck,4.2 ,2854
25,super-lemon-haze,4.4 ,2014
26,amnesia-haze,4.2 ,1385
27,lemon-haze,4.2 ,2264
28,stardawg,4.4 ,537
29,cherry-pie,4.3 ,1803
30,bruce-banner,4.5 ,1112
31,strawberry-cough,4.3 ,2346
32,blue-cookies,4.7 ,514
33,mendo-breath,4.7 ,342
34,9-pound-hammer,4.5 ,826
35,blueberry,4.2 ,2129
36,super-silver-haze,4.3 ,2045
37,mac,4.8 ,151
38,ice-cream-cake,4.7 ,211
39,sfv-og,4.4 ,715
40,alien-og,4.4 ,975
41,animal-cookies,4.5 ,936
42,alaskan-thunder-fuck,4.3 ,1969
43,tangie,4.5 ,1108
44,ghost-train-haze,4.5 ,966
45,grape-ape,4.3 ,1939
46,blue-cheese,4.2 ,2558
47,birthday-cake-kush,4.5 ,346
48,tahoe-og,4.4 ,1255
49,king-louis,4.6 ,805
50,candyland,4.5 ,1006
51,master-kush,4.2 ,1709
52,strawberry-banana,4.5 ,462
53,banana-kush,4.2 ,1046
54,sundae-driver,4.7 ,121
55,gmo-cookies,4.7 ,202
56,fire-og,4.4 ,1051
57,purple-kush,4.2 ,2113
58,cookies-and-cream,4.5 ,507
59,headband,4.2 ,2497
60,g-13,4.3 ,1071
61,la-confidential,4.3 ,1266
62,harlequin,4.3 ,1245
63,platinum-gsc,4.6 ,1234
64,maui-wowie,4.3 ,1422
65,platinum-og,4.4 ,804
66,berry-white,4.3 ,1066
67,purple-haze,4.2 ,1070
68,white-fire-og,4.5 ,897
69,bubble-gum,4.1 ,1050
70,cinderella-99,4.2 ,1059
71,cookies-kush,4.5 ,279
72,zookies,4.7 ,42
73,cheese,4 ,1518
74,jet-fuel,4.6 ,466
75,mango-kush,4.2 ,1116
76,lsd,4.3 ,1040
77,lemon-og,4.2 ,446
78,grease-monkey,4.7 ,246
79,kosher-kush,4.5 ,860
80,critical-kush,4.4 ,651
81,lemon-kush,4.1 ,1169
82,white-rhino,4.1 ,1126
83,pink-kush,4.5 ,672
84,acdc,4.5 ,750
85,slurricane,4.7 ,43
86,gelato-33,4.6 ,101
87,ghost-og,4.5 ,554
88,thin-mint,4.5 ,733
89,blackberry-kush,4.2 ,1848
90,wedding-crasher,4.8 ,77
91,acapulco-gold,4.5 ,618
92,superglue,4.7 ,329
93,afghan-kush,4 ,1149
94,golden-goat,4.5 ,1225
95,khalifa-kush,4.6 ,598
96,gods-gift,4.4 ,1235
97,banana-og,4.3 ,459
98,lemon-skunk,4.3 ,959
99,chocolope,4.3 ,1276
100,sour-tangie,4.6 ,567
101,super-sour-diesel,4.4 ,542
102,platinum-kush,4.2 ,666
103,orange-cookies,4.6 ,360
104,purple-urkle,4.3 ,1202
105,tangerine-dream,4.3 ,915
106,gorilla-cookies,4.7 ,165
107,amnesia,4.2 ,684
108,death-star,4.5 ,1312
109,hindu-kush,4.3 ,1111
110,white-buffalo,4.5 ,170
111,clementine,4.4 ,345
112,black-diamond,4.4 ,351
113,larry-og,4.2 ,737
114,nyc-diesel,4.1 ,894
115,silver-haze,4.1 ,693
116,fpog,4.4 ,855
117,blueberry-kush,4.1 ,1000
118,blueberry-muffins,4.7 ,152
119,24k-gold,4.6 ,249
120,haze,4.1 ,442
121,skunk-1,4 ,448
122,critical-mass,4.2 ,794
123,sour-og,4.3 ,700
124,venom-og,4.3 ,195
125,cannatonic,4.2 ,802
126,lemon-cake,4.5 ,101
127,afghani,4.2 ,564
128,true-og,4.4 ,459
129,xj-13,4.2 ,879
130,key-lime-pie,4.5 ,315
131,paradise-waits,4.7 ,30
132,member-berry,4.7 ,83
133,jillybean,4.2 ,929
134,the-white,4.5 ,351
135,papaya,4.2 ,208
136,tropicana-cookies,4.6 ,108
137,moby-dick,4.3 ,599
138,ice-cream,4.1 ,177
139,gushers,4.7 ,12
140,island-sweet-skunk,4.2 ,831
141,mk-ultra,4.4 ,705
142,kandy-kush,4.2 ,533
143,holy-grail-kush,4.5 ,692
144,blue-diesel,4.3 ,571
145,fruit-punch,4.6 ,129
146,platinum-bubba-kush,4.4 ,395
147,dutch-treat,4.3 ,987
148,dutch-hawaiian,4.4 ,167
149,lamb-s-bread,4.3 ,798
150,orange-kush,4.1 ,743
151,super-skunk,4.2 ,557
152,agent-orange,4.1 ,1105
153,chernobyl,4.3 ,769
154,watermelon,4.4 ,220
155,grapefruit,4.2 ,538
156,black-jack,4.3 ,402
157,gorilla-grapes,4.8 ,43
158,death-bubba,4.7 ,339
159,diamond-og,4.5 ,387
160,gary-payton,4.9 ,15
161,sensi-star,4.1 ,654
162,monster-cookies,4.6 ,305
163,cereal-milk,4.6 ,5
164,cotton-candy-kush,4.2 ,845
165,blackwater,4.5 ,559
166,space-queen,4.3 ,581
167,godfather-og,4.5 ,193
168,shishkaberry,4.2 ,340
169,mango,4.1 ,487
170,triangle-kush,4.6 ,147
171,blackberry,4.1 ,559
172,3-kings,4.4 ,338
173,gelato-41,4.7 ,9
174,juicy-fruit,4.1 ,625
175,lemon-tree,4.6 ,57
176,motorbreath,4.9 ,45
177,mr-nice,4.1 ,783
178,flo,4.1 ,620
179,romulan,4.1 ,822
180,rockstar,4.2 ,333
181,pineapple-kush,4.1 ,623
182,og-18,4.6 ,386
183,lemon-meringue,4.6 ,149
184,orange-creamsicle,4.6 ,86
185,mango-haze,4.5 ,270
186,obama-kush,4.4 ,691
187,laughing-buddha,4.5 ,219
188,blueberry-headband,4.3 ,426
189,orange-crush,4.1 ,490
190,cheese-quake,4.2 ,263
191,god-bud,4.2 ,587
192,blue-zkittlez,4.7 ,80
193,rainbow,4.4 ,122
194,sour-kush,4.2 ,600
195,white-russian,4.2 ,514
196,pineapple,4.1 ,508
197,sweet-tooth,4.2 ,608
198,white-tahoe-cookies,4.6 ,102
199,northern-hashplant,4.6 ,29
200,purple-trainwreck,4.2 ,633
201,dogwalker-og,4.7 ,267
202,jr,4.5 ,305
203,lemon-diesel,4.2 ,553
204,white-shark,4.1 ,465
205,ogkb,4.5 ,29
206,jungle-cake,4.8 ,5
207,pineapple-chunk,4.4 ,333
208,xxx-og,4.5 ,288
209,purple-diesel,4.1 ,511
210,nuken,4.4 ,213
211,jack-frost,4.3 ,502
212,charlottes-web,4.5 ,263
213,space-bomb,4.5 ,112
214,mandarin-cookies,4.7 ,76
215,black-domina,4.1 ,303
216,strawberry-kush,4.1 ,403
217,star-killer,4.6 ,272
218,remedy,4.6 ,121
219,white-runtz,4.9 ,11
220,mochi,4.8 ,32
221,tutankhamon,4.5 ,209
222,pennywise,4.5 ,371
223,big-bud,3.8 ,311
224,sugar-cookie,4.3 ,211
225,uk-cheese,4.1 ,587
226,california-orange,4.3 ,332
227,hash-plant,4.1 ,436
228,east-coast-sour-diesel,4.3 ,227
229,pre-98-bubba-kush,4.4 ,520
230,power-plant,4.1 ,342
231,cat-piss,3.8 ,299
232,cali-kush,4.1 ,232
233,j1,4.4 ,582
234,alien-dawg,4.2 ,217
235,london-poundcake,4.8 ,9
236,face-off-og,4.8 ,125
237,goji-og,4.5 ,237
238,colombian-gold,4.5 ,168
239,strawberry-shortcake,4.6 ,37
240,king-kush,4.2 ,346
241,deadhead-og,4.3 ,523
242,lavender,4.1 ,737
243,707-headband,4.3 ,389
244,banana-split,4.4 ,79
245,liberty-haze,4.4 ,265
246,sour-apple,4.2 ,230
247,wookies,4.7 ,90
248,3x-crazy,4.4 ,142
249,bubblegum-kush,4.3 ,349
250,dream-queen,4.2 ,344
251,strawberry-cheesecake,4.4 ,168
252,dolato,4.8 ,15
253,mendocino-purps,4.2 ,282
254,hawaiian,4.2 ,157
255,pink-lemonade,4.5 ,112
256,guava-kush,4.1 ,101
257,lemonchello-28,4.6 ,15
258,thc-bomb,4.1 ,231
259,chronic,4.4 ,171
260,sunset,4.1 ,43
261,red-dragon,4.2 ,344
262,100-og,2.9 ,509
263,pink-cookies,4.5 ,84
264,purple-og-kush,4.4 ,361
265,candy-jack,4.4 ,251
266,puck-yeah,4.8 ,13
267,white-99,4.6 ,84
268,paris-og,4.6 ,297
269,cinex,4.3 ,890
270,pink-panties,4.5 ,27
271,peyote-cookies,4.7 ,58
272,skywalker-alien,4.3 ,93
273,gods-green-crack,4.5 ,237
274,orange-bud,4.2 ,239
275,double-dream,4.4 ,337
276,presidential-og,4.4 ,367
277,rudeboi-og,4.8 ,76
278,chemdawg-4,4.3 ,335
279,diablo,4 ,312
280,chemdawg-91,4.5 ,173
281,golden-pineapple,4.5 ,424
282,zombie-kush,4.7 ,41
283,black-mamba,4.5 ,183
284,kimbo-kush,4.4 ,185
285,strawberry-diesel,4.3 ,290
286,bubba-og,4.3 ,302
287,jack-the-ripper,4.2 ,430
288,cherry-diesel,4.6 ,164
289,harle-tsu,4.4 ,326
290,jean-guy,4.4 ,281
291,blueberry-cookies,4.6 ,89
292,purple-candy,4.3 ,258
293,afgoo,4 ,630
294,ice,4 ,230
295,sour-banana-sherbet,4.7 ,173
296,sour-grapes,4.3 ,373
297,banjo,4.2 ,25
298,snowcap,4.1 ,495
299,lucky-charms,4.5 ,177
300,violator-kush,4.3 ,309
301,black-cherry-soda,4.3 ,373
302,vanilla-kush,4.3 ,502
303,yoda-og,4.4 ,332
304,peanut-butter-breath,4.7 ,12
305,legend-og,4.7 ,51
306,cherry-kush,4.1 ,334
307,sour-cookies,4.5 ,103
308,boss-og,4.4 ,59
309,sherblato,4.5 ,2
310,kali-mist,4.1 ,293
311,black-widow,4.1 ,314
312,royal-highness,4.7 ,50
313,sour-tsunami,4.4 ,237
314,white-cookies,4.4 ,94
315,jesus-og,4.5 ,373
316,el-chapo-og,4.7 ,65
317,strawberry-switchblade,4.9 ,9
318,pineapple-upside-down-cake,4.7 ,27
319,sunshine,4.7 ,73
320,strawberry,4.2 ,175
321,cookie-dough,4.5 ,67
322,phantom-cookies,4.5 ,212
323,thai,4.1 ,138
324,og-chem,4.5 ,158
325,sfv-og-kush,4.5 ,214
326,hells-og,4.5 ,221
327,apple-jack,4.2 ,86
328,la-cake,4.8 ,13
329,blue-widow,4.1 ,388
330,golden-lemon,4.5 ,106
331,purple-gorilla,4.2 ,147
332,watermelon-zkittlez,4.8 ,17
333,incredible-hulk,4.4 ,96
334,g13-haze,4.4 ,197
335,headbanger,4.4 ,89
336,pure-kush,4.2 ,316
337,tangerine-haze,4.4 ,212
338,alien-rock-candy,4.7 ,192
339,hawaiian-punch,4.3 ,90
340,blueberry-cheesecake,4.2 ,251
341,purple-chemdawg,4.5 ,154
342,fruit-loops,4.5 ,97
343,phantom-og,4.3 ,126
344,blueberry-diesel,4.1 ,333
345,purple-hindu-kush,4.7 ,226
346,bruce-banner-3,4.5 ,313
347,lemon-g,4.4 ,199
348,hardcore-og,4.6 ,116
349,platinum-purple-kush,4.2 ,146
350,dr-who,4.5 ,461
351,white-gold,4.7 ,128
352,elmers-glue,4.5 ,50
353,rocket-fuel,4.4 ,50
354,snoop-dogg-og,4.6 ,135
355,poison-fruit,4.7 ,7
356,grape-god,4.2 ,448
357,casey-jones,4.1 ,432
358,98-white-widow,4.8 ,12
359,mob-boss,4.5 ,269
360,citrus-sap,4.5 ,136
361,blueberry-haze,4.2 ,307
362,purple-dragon,4.1 ,150
363,king-kong,4.1 ,159
364,canna-tsu,4.6 ,180
365,sour-space-candy,5 ,12
366,og-shark,4.5 ,135
367,scooby-snack,4.6 ,187
368,ace-of-spades,4.1 ,328
369,herojuana,4.3 ,460
370,blue-magoo,4.4 ,375
371,dark-star,4.4 ,251
372,royal-kush,4.2 ,192
373,red-congolese,4.6 ,217
374,mint-chocolate-chip,4.5 ,33
375,black-dog,4.6 ,44
376,ayahuasca-purple,4.7 ,57
377,donkey-butter,4.7 ,30
378,raskal-og,4.2 ,127
379,larry-bird-kush,4.7 ,36
380,lemonhead-og,4.8 ,83
381,cherry-og,4.2 ,149
382,cheetah-piss,5 ,5
383,lilac-diesel,4.1 ,8
384,cannalope-haze,4.2 ,238
385,moonshine-haze,4.3 ,169
386,green-poison,4.2 ,137
387,godzilla-glue,4.7 ,38
388,alien-kush,4.2 ,133
389,docs-og,4.6 ,11
390,red-headed-stranger,4.5 ,190
391,hawaiian-haze,4.3 ,111
392,the-original-lemonnade,4.8 ,5
393,sugar-black-rose,4.4 ,228
394,sour-jack,4.5 ,195
395,banana-punch-9,4.7 ,15
396,hawaiian-snow,4.4 ,208
397,lifter,4.6 ,20
398,blue-sherbert,4.5 ,21
399,blue-haze,4.3 ,263
400,quantum-kush,4.6 ,245
401,bio-jesus,4.6 ,172
402,cherry-bomb,4.3 ,173
403,shark-shock,4.1 ,233
404,blueberry-og,4.3 ,55
405,raspberry-kush,4.1 ,363
406,vortex,4.3 ,268
407,dj-short-blueberry,4.4 ,280
408,crescendo,4.7 ,10
409,wappa,4.3 ,165
410,willys-wonder,4.2 ,228
411,cherry-ak-47,4.3 ,270
412,black-cherry-og,4.4 ,92
413,delahaze,4.5 ,103
414,super-jack,4.5 ,198
415,rollex-og-kush,4.7 ,58
416,big-smooth,4.7 ,54
417,zombie-og,4.5 ,73
418,midnight,4.4 ,98
419,pink-champagne,4.7 ,86
420,chocolate-mint-og,4.8 ,18
421,blissful-wizard,4.7 ,101
422,cbd-critical-mass,4.6 ,53
423,501st-og,4.6 ,111
424,abusive-og,4.5 ,151
425,strawberry-lemonade,4.3 ,191
426,mazar-x-blueberry-og,4.4 ,1475
427,lavender-jones,4.4 ,166
428,hippie-crippler,4.3 ,132
429,guava-dawg,5 ,3
430,i-95,4.2 ,34
431,bacio-gelato,5 ,3
432,big-budda-cheese,4.1 ,271
433,grape-kush,3.9 ,159
434,cream-caramel,4.2 ,101
435,vanilla-frosting,3.7 ,11
436,outer-space,4.6 ,115
437,golden-ticket,4.5 ,140
438,critical-plus,4.2 ,168
439,huckleberry,4.1 ,161
440,peach-cobbler,4.6 ,11
441,cookie-monster,4.4 ,153
442,arjans-strawberry-haze,4.2 ,120
443,lemon-cookies,4.5 ,21
444,crystal-coma,4.6 ,125
445,chocolate-kush,4.5 ,77
446,tutti-frutti,4.2 ,85
447,snoop-s-dream,4.5 ,363
448,mai-tai-cookies,4.6 ,25
449,tangerine-kush,4.1 ,251
450,chemo,4.4 ,237
451,panama-red,4.2 ,174
452,cherry-wine,4.9 ,21
453,the-black,4.4 ,78
454,snow-white,4.3 ,156
455,sojay-haze,4.5 ,76
456,dosi-punch,5 ,4
457,dirty-girl,4.6 ,167
458,purple-dream,4.4 ,269
459,jedi-kush,4.4 ,315
460,chocolate-diesel,4.7 ,63
461,medihaze,4.5 ,136
462,blue-og,4.1 ,154
463,spk,4.3 ,13
464,bio-diesel,4.3 ,224
465,black-lime-special-reserve,4.5 ,124
466,gummy-bears,4.1 ,41
467,somango,4.3 ,133
468,kosher-tangie,4.5 ,173
469,plushberry,4.2 ,295
470,incredible-bulk,4.4 ,81
471,wookie,4.6 ,25
472,chiesel,4.3 ,227
473,blue-frost,4.4 ,126
474,blue-god,4.6 ,158
475,duct-tape,4.9 ,52
476,pie-hoe,4.4 ,28
477,tuna-kush,4.6 ,80
478,berry-og,4.3 ,65
479,chocolate-thai,4.2 ,114
480,champagne-kush,4.2 ,169
481,garlic-bud,4.3 ,24
482,silverback-gorilla,4.5 ,142
483,scotts-og,4.6 ,124
484,money-maker,4.5 ,61
485,tangerine,4.2 ,203
486,melonade,4.5 ,6
487,love-potion,4.4 ,134
488,hurricane,4.2 ,64
489,8-ball-kush,4.2 ,59
490,permafrost,4.1 ,376
491,pink-starburst,4.3 ,31
492,tangie-biscotti,4.7 ,53
493,chocolate-hashberry,4.5 ,102
494,sour-grape,4.2 ,196
495,dragons-breath,4.5 ,96
496,sweet-and-sour-widow,4.5 ,48
497,white-berry,4 ,182
498,lemon-drop,4 ,194
499,black-tuna,4.5 ,175
500,mandarin-dreams,4.4 ,68
501,stardawg-guava,4.6 ,56
502,strawberry-fields,4.6 ,155
503,melon-gum,4.3 ,51
504,ecto-cooler,4.5 ,44
505,gucci-og,4.7 ,69
506,mars-og,4.3 ,196
507,chiquita-banana,4.9 ,45
508,elektra,4.4 ,16
509,1024,4.5 ,55
510,allen-wrench,4.2 ,179
511,suver-haze,4.4 ,17
512,blue-mystic,4.3 ,148
513,mothers-milk,4.4 ,55
514,lee-roy,4.6 ,51
515,grape-pie,4.8 ,6
516,space-cake,5 ,14
517,peaches-and-cream,4.6 ,73
518,aurora-indica,4.3 ,99
519,pineapple-og,4.7 ,88
520,race-fuel-og,4.7 ,40
521,goo,4.3 ,167
522,citrus-kush,4.2 ,79
523,apple-kush,4.5 ,46
524,mazar-i-sharif,4.1 ,129
525,cherry-cookies,4.7 ,46
526,rainmaker,4 ,10
527,sour-patch-kiss,4.7 ,37
528,kushberry,4.2 ,164
529,nebula,4.3 ,273
530,kryptonite,4.1 ,315
531,inzane-in-the-membrane,4.9 ,24
532,gobbstopper,4.6 ,31
533,space-candy,4.6 ,100
534,blue-diamond,4.3 ,132
535,guava-cake,4.6 ,8
536,matanuska-thunder-fuck,4.3 ,190
537,skunk-ape,4.1 ,9
538,mag-landrace,4.8 ,106
539,critical-haze,4.3 ,85
540,afgooey,4 ,363
541,purple-panty-dropper,4.2 ,56
542,super-blue-dream,4.3 ,231
543,captains-cake,4.7 ,81
544,ringos-gift,4.6 ,121
545,purple-monkey-balls,4.4 ,99
546,grape-soda,4.6 ,24
547,dancehall,4.3 ,56
548,bakerstreet,4 ,31
549,darth-vader-og,4.3 ,166
550,grape-jelly,4.8 ,20
551,3-bears-og,4.5 ,8
552,pine-tar-kush,4.5 ,55
553,lodi-dodi,4.5 ,128
554,silver-bubble,4.3 ,63
555,blue-hawaiian,4.3 ,178
556,strawberry-og,4.5 ,51
557,superman-og,4.3 ,213
558,blueberry-yum-yum,4.6 ,115
559,dank-commander,4.8 ,9
560,fortune-cookies,4.6 ,136
561,mother-of-berries,4.5 ,157
562,pakistani-chitral-kush,4.6 ,94
563,lemonberry,4.4 ,73
564,starfighter,4.2 ,50
565,skunkberry,4.5 ,81
566,orange-sherbert,4.3 ,4
567,lemon-jack,4.3 ,134
568,new-glue,4.5 ,123
569,critical-jack,4.2 ,162
570,nevilles-haze,4.1 ,99
571,jungle-juice,4.5 ,20
572,silver-kush,4.5 ,103
573,whitewalker-og,4.7 ,98
574,acai-berry-gelato,3.7 ,3
575,memory-loss,4.6 ,66
576,green-goblin,4.3 ,102
577,lemon-garlic-og,4.4 ,5
578,deathstar-og,4.4 ,199
579,black-triangle,4.7 ,17
580,honey-bananas,4.6 ,153
581,pure-power-plant,4.3 ,240
582,shiva-skunk,4.2 ,100
583,lime-skunk,4.8 ,86
584,alien-bubba,4.7 ,95
585,bay-11,4.4 ,101
586,buddhas-sister,4.3 ,151
587,candy-cane,4.2 ,49
588,wonder-woman,4.5 ,162
589,citral-glue,4.3 ,24
590,22,3.7 ,10
591,pie-face-og,4.5 ,67
592,night-terror-og,4.6 ,115
593,og-skunk,4.6 ,50
594,crunch-berry-kush,4.5 ,46
595,cold-creek-kush,4.2 ,74
596,ak-48,3.8 ,194
597,orange-cream,4.4 ,13
598,mandarin-sunset,4.8 ,28
599,double-tangie-banana,4.5 ,113
600,green-love-potion,4.5 ,41
601,frosty,4.3 ,41
602,blue-moon-rocks,4.7 ,110
603,extreme-cream,4.6 ,58
604,african,3.6 ,41
605,gorilla-blue,4.7 ,6
606,kashmir-kush,4.7 ,18
607,pineapple-trainwreck,4.1 ,221
608,white-og,4.5 ,93
609,blueberry-pie,4.4 ,77
610,grandpas-breath,4.7 ,35
611,duke-nukem,4.3 ,81
612,alaska,4.4 ,74
613,willie-nelson,4.3 ,133
614,sage-n-sour,4.2 ,226
615,el-jeffe,4.5 ,81
616,sour-lemon-og,4.6 ,97
617,rockstar-kush,4.2 ,87
618,monster-og,4.9 ,47
619,hog,4 ,127
620,jack-flash,4.2 ,298
621,grapefruit-kush,4.3 ,176
622,snowball,4.8 ,5
623,josh-d-og,4.2 ,22
624,orange-haze,4.1 ,155
625,lemon-thai,4 ,134
626,afghan-skunk,4.4 ,58
627,blue-kush,4.5 ,99
628,purple-berry,4.3 ,88
629,jelly-breath,4.8 ,8
630,cornbread,4.6 ,138
631,mataro-blue,4.5 ,38
632,exodus-cheese,4.2 ,133
633,orange-juice,4.2 ,47
634,katsu-bubba-kush,4.6 ,80
635,blue-dragon,4.3 ,242
636,jamaican,4.3 ,65
637,sirius-black,4.6 ,62
638,white-fire-43,4.6 ,50
639,sunshine-daydream,4.5 ,89
640,mango-tango,4.7 ,86
641,bordello,4.4 ,91
642,cannalope-kush,4.5 ,142
643,power-kush,4 ,115
644,la-kush,4.4 ,42
645,la-woman,4.3 ,114
646,pineapple-haze,4.3 ,83
647,cookie-wreck,4.6 ,111
648,sour-joker,4.7 ,68
649,sour-dubble,4.8 ,20
650,pink-panther,4.4 ,87
651,northern-lights--5,4.2 ,181
652,recon,4.3 ,108
653,pot-of-gold,4.1 ,170
654,tres-dawg,4.6 ,33
655,captain-america-og,4.5 ,24
656,master-og,4.4 ,83
657,kong,4.7 ,136
658,purple-ak-47,4.1 ,73
659,alien-rift,4.5 ,46
660,orange-diesel,4.5 ,81
661,banana-cream-og,4.6 ,25
662,slimer-og,4.5 ,30
663,gilz-nilz,4.4 ,23
664,the-lime,5 ,4
665,galactic-jack,4.5 ,106
666,harlequin-gdp,4.3 ,34
667,marmalade,4.6 ,18
668,purple-sour-diesel,4.2 ,255
669,lost-coast-og,4.3 ,87
670,lemon-sativa,3.8 ,43
671,tahoe-alien,4.3 ,65
672,guava-gelato,4.6 ,28
673,chunky-diesel,4.6 ,54
674,shoreline,4.3 ,96
675,special-sauce,4.6 ,15
676,alpha-blue,4.5 ,109
677,ether,4.2 ,6
678,jamaican-dream,4.4 ,89
679,roz,5 ,6
680,ogre,4 ,304
681,ninja-fruit,4.6 ,40
682,purple-afghani,4.2 ,93
683,gas-mask,4.6 ,26
684,purple-passion,4.5 ,65
685,grape-inferno,4.6 ,32
686,glass-slipper,4.3 ,232
687,chocolate-fondue,4.5 ,54
688,nightmare-cookies,4.6 ,54
689,bay-dream,4.3 ,101
690,hawaiian-cookies,4.5 ,32
691,euphoria,4.3 ,115
692,honey-boo-boo,4.6 ,58
693,julius-caesar,4.5 ,36
694,blueberry-skunk,4.3 ,119
695,lucid-dream,4.6 ,96
696,sinmint-cookies,4.6 ,81
697,white-dawg,4.1 ,67
698,sage,4 ,281
699,jenny-kush,4.6 ,97
700,pinkman-goo,4.8 ,13
701,maui,4.1 ,142
702,10th-planet,5 ,2
703,butter-og,4.3 ,27
704,mazar-x-blueberry,4.3 ,997
705,cactus,4.6 ,110
706,sour-amnesia,4.6 ,115
707,la-chocolat,4.6 ,102
708,apollo-13,4.2 ,148
709,purple-animal-cookies,4.4 ,19
710,purple-thai,4.3 ,44
711,acid-dough,4.7 ,13
712,blue-knight,4.7 ,100
713,purple-skunk,4.2 ,95
714,yeti-og,4.5 ,60
715,martian-candy,4.6 ,29
716,irene-kush,4.5 ,82
717,bubbas-gift,4.6 ,67
718,purple-raine,4.4 ,27
719,gorilla-breath,4.4 ,10
720,cherry-limeade,4.2 ,44
721,chem-dog,4.5 ,28
722,strawberry-amnesia,4.5 ,49
723,green-dream,4.3 ,182
724,citrus-punch,4.3 ,27
725,green-ribbon,4.1 ,165
726,13-dawgs,4.1 ,12
727,tyson,4.8 ,52
728,white-gorilla,4.6 ,45
729,querkle,4.2 ,241
730,sunny-d,4.6 ,14
731,jah-goo,4.5 ,21
732,blueberry-blast,4.4 ,27
733,predator-pink,4.5 ,41
734,black-cherry-pie,4.8 ,26
735,lime-sorbet,4.8 ,41
736,cbd-shark,4.4 ,95
737,trinity,4.3 ,176
738,ak-49,3.7 ,6
739,game-changer,4.4 ,117
740,tangie-cookies,4.8 ,42
741,sunshine-4,4.8 ,58
742,salmon-river-og,4.5 ,75
743,5th-element,4.6 ,61
744,sweeties,4.7 ,15
745,wonka-bars,4.9 ,10
746,tangilope,4.6 ,136
747,super-kush,4.1 ,82
748,granola-funk,4.5 ,19
749,ancient-og,4.6 ,79
750,grapefruit-diesel,4.3 ,133
751,blood-orange-kush,4.5 ,26
752,pink-death-star,4.5 ,37
753,hellfire-og,4.5 ,72
754,red-diesel,4.2 ,73
755,lemon-ice,4.8 ,18
756,burmese-kush,4.1 ,166
757,biker-kush,4.4 ,16
758,raspberry-cough,4.4 ,116
759,napalm-og,4.3 ,4
760,dr-grinspoon,4.8 ,69
761,ice-cream-man,5 ,12
762,mango-sapphire,4.8 ,12
763,head-cheese,4.5 ,195
764,white-walker-kush,4.4 ,72
765,kosher-dawg,5 ,6
766,pink-bubba,4.4 ,60
767,rose-bud,4.3 ,22
768,gooberry,4.3 ,39
769,koolato,5 ,4
770,sister-glue,4.5 ,494
771,gelatti,5 ,2
772,church-og,4.1 ,118
773,tigers-milk,4.7 ,126
774,tropic-thunder,4.6 ,27
775,night-nurse,4.6 ,69
776,gorilla-snacks,4.6 ,16
777,critical-bilbo,4.3 ,74
778,ultra-sour,4.7 ,39
779,buddha-haze,4.6 ,39
780,flo-og,4.5 ,56
781,og-lime-killer,4.9 ,9
782,purple-crack,4.2 ,87
783,walter-white,4.6 ,57
784,ice-wreck,4.2 ,45
785,pineapple-punch,4.6 ,34
786,crown-royale,4.7 ,30
787,the-vision,4.8 ,18
788,fucking-incredible,4.2 ,231
789,og-cheese,4.4 ,93
790,white-nightmare,4.6 ,115
791,malawi,4.5 ,73
792,burkle,4.8 ,60
793,cbd-critical-cure,4.5 ,120
794,lemon-pie,4.4 ,42
795,dairy-queen,4.3 ,190
796,dog-shit,4.2 ,43
797,citrix,4.3 ,89
798,chemdawg-sour-diesel,4.5 ,107
799,purple-cream,4.3 ,83
800,queen-mother-goji,4.9 ,16
801,humboldt,4.2 ,45
802,montana-silvertip,4.5 ,129
803,super-sour-og,4.7 ,47
804,purple-tangie,4.6 ,52
805,nepalese,4.3 ,48
806,bc-big-bud,4.5 ,74
807,master-yoda,4.5 ,174
808,tillamook-strawberry,4.5 ,27
809,charlie-sheen,4.5 ,161
810,og-diesel-kush,4.4 ,97
811,sugar-punch,4.4 ,24
812,willy-wonka,4.1 ,54
813,blue-magic,4.7 ,42
814,blackberry-fire,4.9 ,22
815,moose-and-lobsta,4.8 ,73
816,grandmas-sugar-cookies,4.8 ,18
817,chocolate-og,4.8 ,38
818,pineapple-skunk,4.4 ,110
819,red-haze,4.3 ,43
820,dream-lotus,4.1 ,47
821,white-lightning,4.3 ,101
822,area-51,4.4 ,44
823,grape-diamonds,4.7 ,3
824,popcorn-kush,4 ,76
825,la-og,4.4 ,71
826,the-sauce,4.7 ,54
827,banana-bread,3.8 ,14
828,haze-berry,4.4 ,27
829,818-og,4.7 ,31
830,albert-walker,4.6 ,71
831,alice-in-wonderland,4.5 ,108
832,pineapple-diesel,4.1 ,92
833,lemon-alien-dawg,4.4 ,70
834,afghan-haze,4.2 ,57
835,sugar-kush,4 ,70
836,lemon-og-haze,4.4 ,42
837,mc1,4.8 ,4
838,sour-alien,4.3 ,125
839,killer-queen,4.2 ,131
840,swazi-gold,3.4 ,79
841,congo,4.9 ,19
842,purple-bubba,4.5 ,40
843,purple-cheese,4.1 ,76
844,dragon-og,4.4 ,29
845,haoma-mist,5 ,3
846,blue-rhino,4.2 ,126
847,sour-dream,4.3 ,125
848,dragon-fruit,4.5 ,11
849,wheres-my-bike,4.5 ,22
850,future,4.8 ,62
851,bubblicious,4.4 ,66
852,romulan-grapefruit,4.3 ,79
853,high-school-sweetheart,4.4 ,16
854,bananas,4.6 ,28
855,sour-power,4.5 ,51
856,godzilla,4.2 ,38
857,purple-sunset,4.7 ,3
858,c4,4.4 ,93
859,road-dawg,4.8 ,15
860,rare-dankness-1,4.8 ,24
861,cataract-kush,4.3 ,171
862,303-og,4.1 ,82
863,double-og,4.5 ,28
864,sour-haze,4.4 ,69
865,grandpas-stash,4.8 ,9
866,the-wife,4.7 ,46
867,sweet-kush,4.1 ,90
868,acid,4.5 ,35
869,golden-state-banana,4.7 ,23
870,green-kush,3.5 ,62
871,forum-cut-cookies,4.6 ,16
872,blueberry-ak,4.7 ,27
873,amherst-sour-diesel,4.7 ,13
874,critical-plus-20,4.4 ,17
875,grape-cookies,4.7 ,32
876,northern-lights-5-x-haze,4.5 ,44
877,elephant,4.2 ,18
878,locomotion,4.5 ,60
879,alaskan-ice,4.3 ,85
880,cali-gold,4.4 ,63
881,asian-fantasy,4.1 ,52
882,viper,4.4 ,54
883,sour-kosher,4.8 ,12
884,yumboldt,4.1 ,72
885,versace,4.8 ,29
886,orange-dream,4.2 ,85
887,bootylicious,4.9 ,14
888,loud-dream,3.8 ,43
889,dynamite,4.3 ,97
890,critical-purple-kush,4.7 ,7
891,oregon-diesel,4.5 ,92
892,devil-fruit,4.4 ,23
893,the-blood,4.6 ,18
894,violet-delight,4.5 ,72
895,caramel-candy-kush,4.6 ,66
896,the-doctor,4.3 ,36
897,jupiter-og,4.3 ,166
898,ace-killer-og,4.9 ,40
899,chocolate-chunk,4.1 ,196
900,super-snow-dog,4.4 ,106
901,spiked-punch,4.6 ,10
902,petrolia-headstash,4.1 ,15
903,zour-apples,5 ,3
904,papas-og,4.7 ,120
905,cuvee,4.3 ,52
906,sunburn,4.5 ,44
907,schrom,4.5 ,30
908,mexican,3.5 ,80
909,jack-haze,4 ,52
910,rare-darkness,4.6 ,131
911,lowryder,4.4 ,30
912,zsweet-insanity,4.3 ,3
913,joliet-jake,4.7 ,54
914,dosi-face,4.1 ,11
915,cbd-kush,4.3 ,55
916,blue-goo,3.9 ,113
917,marionberry-kush,4.4 ,161
918,purple-power,4.5 ,21
919,white-urkle,4.6 ,78
920,alien-technology,4.5 ,14
921,dutch-haze,4.3 ,13
922,purple-alien-og,4.5 ,125
923,og-poison,4.3 ,42
924,sharks-breath,4.3 ,88
925,rug-burn-og,4.4 ,125
926,grapefruit-haze,4.1 ,67
927,lemon-sorbet-3,4.8 ,12
928,bob-saget,4.8 ,17
929,soul-shine,4.1 ,10
930,chems-sister,4.5 ,19
931,blue-crack,4.1 ,148
932,chronic-thunder,4.5 ,83
933,vader-og,4.6 ,27
934,nicole-kush,5 ,20
935,santa-maria,4.3 ,92
936,buddha-tahoe,4.4 ,101
937,sour-chees,4.3 ,123
938,candy-apple,4.3 ,8
939,durban-cookies,4.6 ,69
940,pheno-51,4.6 ,27
941,astroboy,4.5 ,31
942,moonbeam,4.2 ,60
943,angel-og,4.7 ,23
944,hawaiian-dream,4.5 ,73
945,bear-dance,4.7 ,35
946,purple-princess,4.1 ,79
947,blue-dream-cbd,4.6 ,10
948,emerald-og,4.6 ,53
949,tangerine-power,4.4 ,96
950,snow-monster,4.5 ,40
951,ray-charles,4.7 ,57
952,tropical-tang,4.6 ,20
953,green-queen,4.2 ,184
954,mexican-sativa,3.3 ,53
955,georgia-pine,4.6 ,9
956,3d-cbd,4.5 ,19
957,dreamcatcher,4.5 ,33
958,gunslinger,5 ,3
959,skunk-haze,4 ,74
960,snowland,4.7 ,46
961,boss-hogg,4.5 ,65
962,bugatti-og,4.6 ,51
963,pineapple-jack,4.4 ,119
964,electric-kool-aid,4.7 ,29
965,ghost-rider-og,4.5 ,20
966,cookies-and-dream,4.6 ,48
967,batman-og,4.5 ,18
968,cherry-cream-pie,4.4 ,30
969,banana-hammock-r1,4.8 ,28
970,black-russian,4.3 ,84
971,sour-headband,4.6 ,36
972,citrus-sunshine-haze,4.8 ,30
973,sour-bubble,4.6 ,45
974,black-diesel,4.2 ,70
975,bubbleberry,4.1 ,167
976,big-bang,4 ,75
977,frosted-cherry-cookies,4.9 ,13
978,oregon-lemons,5 ,6
979,m-39,3 ,184
980,sweet-cheese,4.2 ,94
981,hashberry,4.3 ,106
982,sour-pebbles,4.3 ,36
983,alpha-og,4.7 ,46
984,chem-cookies,4.6 ,5
985,shangri-la,4.6 ,41
986,snow-lotus,4.5 ,32
987,super-lemon-og,4.3 ,71
988,argyle,4.1 ,32
989,blue-velvet,4.3 ,30
990,chem-scout,4.6 ,51
991,funky-monkey,4.2 ,31
992,triple-cheese,4.6 ,34
993,gorilla-girl,4.9 ,22
994,white-fire-alien-og,4.4 ,113
995,chemmy-jones,4.7 ,90
996,appalachia,4.6 ,26
997,sour-blueberry,4.8 ,19
998,green-haze,3.8 ,36
999,timewreck,4.4 ,138
1000,narnia,4.7 ,66
1001,madman-og,4.6 ,51
1002,lemongrass,5 ,4
1003,colombian-mojito,4.4 ,18
1004,legend-of-nigeria,4.9 ,14
1006,afghan-diesel,3.5 ,44
1007,merlot-og,4.8 ,13
1008,grape-krush,4.1 ,143
1009,electric-lemon-g,4.4 ,54
1010,cracker-jack,4 ,101
1011,purple-dog-shit,4.7 ,20
1012,caramelo,4.2 ,27
1013,velvet-bud,4.2 ,14
1014,gumbo,4.4 ,57
1015,durga-mata,4.7 ,15
1016,red-cherry-berry,4.1 ,35
1017,sour-candy,4.5 ,47
1018,warlock,4 ,72
1019,sorbet,4.3 ,3
1020,sin-valley-og,4.5 ,49
1021,magic-melon,4.8 ,4
1022,pura-vida,4.9 ,7
1023,ghost-of-lee-roy,4.8 ,5
1024,tropicali,4.3 ,31
1025,crown-og,4.7 ,47
1026,red-velvet-pie,5 ,7
1027,aliens-on-moonshine,4.6 ,29
1028,irish-cream,4.7 ,12
1029,king-cake,4.6 ,14
1030,wild-thailand,4.4 ,28
1031,miss-usa,5 ,6
1032,el-chapo,4.3 ,3
1033,the-guice,5 ,8
1034,green-candy,4.2 ,124
1035,tina,4.8 ,13
1036,cherry-kola,4.7 ,61
1037,blue-moonshine,4.1 ,94
1038,malawi-gold,4.8 ,13
1039,sequoia-strawberry,4.5 ,25
1040,monkey-paw,4.5 ,48
1041,balmoral,4.3 ,34
1042,frankenstein,4.4 ,84
1043,master-bubba,4 ,113
1044,suzy-q,4.2 ,31
1045,purple-rhino,4.6 ,32
1046,cbd-mango-haze,4.5 ,48
1047,conspiracy-kush,4.6 ,146
1048,primus,4.7 ,104
1049,blue-lights,4.5 ,70
1050,strawberries--cream,5 ,2
1051,platinum-huckleberry-cookies,4.5 ,35
1052,y-griega,4.7 ,68
1053,voodoo,4.2 ,72
1054,blucifer,4.3 ,18
1055,blue-power,4.5 ,54
1056,trap-star,4.8 ,16
1057,pineapple-fields,4.4 ,40
1058,in-the-pines,4.5 ,49
1059,jamaican-pearl,4.3 ,50
1060,flowerbomb-kush,4.6 ,53
1061,blueberry-dream,4.6 ,49
1062,hurkle,4.7 ,69
1063,white-kush,4.3 ,96
1064,lifesaver,4.4 ,45
1065,grandpa-larry-og,4.4 ,49
1066,sapphire-star,4.4 ,25
1067,enemy-of-the-state,4.3 ,28
1068,mango-sherbert,4.7 ,10
1069,endless-sky,4.6 ,21
1070,a-train,4 ,83
1071,nova,4.9 ,16
1072,jacks-cleaner,4.2 ,78
1073,purple-champagne,4.4 ,51
1074,a-dub,4.5 ,68
1075,afgahni-bullrider,4.4 ,113
1076,nevils-wreck,4.4 ,12
1077,green-lantern,4.6 ,44
1078,medicine-man,4.3 ,123
1079,maple-leaf-indica,4.3 ,43
1080,medusa,4 ,63
1081,walker-kush,4.6 ,45
1082,soul-assassin-og,4.4 ,42
1083,mt-hood-magic,4.7 ,73
1084,sweet-dreams,4.2 ,44
1085,blue-raspberry-snow-cone,4.7 ,9
1086,amnesia-og,4.6 ,9
1087,critical-widow,4.3 ,37
1088,freezeland,3.4 ,45
1089,alien-walker,4.6 ,161
1090,dr-funk,4.6 ,43
1091,b-52,4.2 ,49
1092,strawberry-cake,4.8 ,4
1093,purple-bud,3.8 ,24
1094,three-blue-kings,4.7 ,3
1095,blackberry-cream,4.9 ,40
1096,afternoon-delight,4.6 ,28
1097,lambo-og,4.4 ,18
1098,blueberry-pancakes,4.4 ,43
1099,fruit-crusher,4.3 ,3
1100,berry-bomb,4.2 ,63
1101,dank-sinatra,4.6 ,12
1102,critical-skunk,4.5 ,17
1103,purple-widow,4.4 ,34
1104,green-dragon,4.1 ,84
1105,rainbow-jones,4.8 ,17
1106,wet-dream,4.4 ,74
1107,tokyo-og,4.5 ,41
1108,pop-rox,4.4 ,7
1109,lemon-cheesecake,4.3 ,4
1110,himalayan-gold,4.1 ,50
1111,extreme-og,4.9 ,18
1112,blue-steel,4.3 ,23
1113,k2,3.9 ,48
1114,root-beer-kush,3.6 ,36
1115,critical-cheese,4.2 ,53
1116,princess,5 ,5
1117,valley-girl,4.7 ,41
1118,white-castle,4 ,12
1119,pez,4.1 ,43
1120,tropicana-punch,4.8 ,5
1121,critical-sensi-star,4.1 ,96
1122,blue-alien,4.5 ,76
1123,brandywine,4.6 ,31
1124,atomic,4.7 ,9
1125,stephen-hawking-kush,4.6 ,53
1126,banana-diesel,4.1 ,83
1127,purple-goo,4.3 ,71
1128,black-cherry-cheesecake,4.5 ,64
1129,black-ice,3.9 ,73
1130,deep-chunk,4.6 ,16
1131,silver-surfer,4.3 ,65
1132,northernberry,4.5 ,56
1133,sweet-diesel,4 ,85
1134,green-goddess,4.6 ,89
1135,dank-schrader,4.9 ,38
1136,lemon-kush-headband,5 ,4
1137,corleone-kush,4.4 ,117
1138,laughing-gas,4.7 ,12
1139,gigabud,4.3 ,41
1140,moonbow,5 ,3
1141,afghan-hawaiian,3.9 ,13
1142,cosmic-collision,4.4 ,15
1143,jack-47,4.6 ,31
1144,purple-frost,4.7 ,10
1145,woody-kush,4.2 ,67
1146,white-diesel,4.1 ,52
1147,dark-blue-dream,4.4 ,68
1148,atomic-northern-lights,4.1 ,107
1149,full-moon,4.9 ,28
1150,la-blanca,4 ,5
1151,thors-hammer,4 ,23
1152,clementine-kush,4.2 ,25
1153,cbd-blue-shark,4.5 ,27
1154,12-year-og,3 ,2
1155,chem-valley-kush,4.1 ,87
1156,cowboy-kush,4.7 ,29
1157,jelly-roll,4.7 ,13
1158,anesthesia,3.5 ,48
1159,one-to-one,4.7 ,18
1160,hogs-breath,3.8 ,109
1161,purple-elephant,4.2 ,109
1162,ingrid,4.2 ,143
1163,milf,4.5 ,21
1164,platinum-sour-diesel,4.8 ,12
1165,brand-x,4.9 ,63
1166,hades-og,4.7 ,13
1167,a-10,3 ,163
1168,satellite-og,4.7 ,44
1169,sour-sunset,4.7 ,46
1170,tangie-dream,4.4 ,19
1171,dakini-kush,4.6 ,22
1172,88-g13-hashplant,5 ,2
1173,early-girl,3.7 ,71
1174,destroyer,4.5 ,11
1175,lemon-walker-og,4.4 ,33
1176,sour-bubba,4.7 ,29
1177,purple-headband,4.5 ,40
1178,commerce-city-kush,4.6 ,33
1179,earth-og,4.3 ,56
1180,tangelo,4.3 ,13
1181,purple-wreck,4.3 ,163
1182,trix,4.5 ,22
1183,purple-voodoo,4.2 ,91
1184,lem-chem,4.8 ,8
1185,cloud-9,4.3 ,53
1186,cadillac-purple,4.2 ,145
1187,saturn-og,4.4 ,43
1188,orangutang,3.9 ,7
1189,orange-blossom,4.4 ,21
1190,godberry,4.5 ,94
1191,ed-rosenthal-super-bud,4 ,63
1192,541-kush,5 ,1
1193,pure-og,4.1 ,78
1194,pb-souffl,4.7 ,6
1195,diesel-dough,4.6 ,14
1196,sweet-skunk,4.4 ,14
1197,lemon-banana-sherbet,4.3 ,14
1198,casper-og,5 ,15
1199,false-teeth,4.5 ,15
1200,grape-cake,4 ,1
1201,black-haze,4.4 ,42
1202,sour-power-og,4.1 ,11
1203,hollyweed,4.3 ,7
1204,orange-velvet,4.3 ,62
1205,cactus-cooler,4.5 ,20
1206,white-dream,4.7 ,32
1207,nordle,4 ,76
1208,purple-star,4.3 ,31
1209,cookie-breath,4.6 ,20
1210,mickey-kush,4.5 ,106
1211,dougs-varin,4.9 ,19
1212,pakistan-valley-kush,4.9 ,19
1213,snow-bud,4.3 ,45
1214,crater-lake,4.7 ,34
1215,four-star-general,4.5 ,10
1216,lemon-bubble,4.4 ,41
1217,white-durban,4.7 ,27
1218,hollywood-og,4.3 ,53
1219,royal-haze,4.6 ,30
1220,og-wreck,4.2 ,57
1221,slazerbeam,4.7 ,20
1222,qrazy-train,4.2 ,168
1223,apollo-11,4.3 ,68
1224,magnum,4 ,32
1225,butterscotch,4.4 ,24
1226,blueberry-space-cake,4.7 ,59
1227,very-berry-haze,4.1 ,57
1228,black-afghan,4.6 ,37
1229,blue-afghani,4.4 ,45
1230,purple-arrow,4.1 ,104
1231,silver-pearl,4.2 ,73
1232,ocean-view,4.2 ,20
1233,chocolope-kush,3.9 ,137
1234,pandoras-box,4.2 ,135
1235,critical-hog,4.3 ,64
1236,tahoe-hydro-og,4.9 ,14
1237,kc-33,4.4 ,11
1238,black-raspberry,4.6 ,13
1239,forbidden-zkittlez,4.4 ,7
1240,cherry-pie-kush,4.3 ,19
1241,bubba-cookies,5 ,2
1242,strawberry-ice,4.7 ,63
1243,orange-skunk,4 ,38
1244,milky-way,4.6 ,17
1245,trueberry-og,4.8 ,6
1246,dance-world,4.5 ,33
1247,martian-mean-green,3.9 ,82
1248,deep-sleep,4.5 ,66
1249,blue-fire,4.4 ,5
1250,og-sour-diesel,4.4 ,11
1251,colorado-chem,4.3 ,31
1252,white-cheese,4.3 ,43
1253,critical-kali-mist,4.3 ,18
1254,afghan-cow,4.3 ,9
1255,og-1-kenobi,4.6 ,16
1257,la-sunshine,4.3 ,10
1258,truffle-butter,4.4 ,12
1259,hashbar-og,4.4 ,21
1260,la-kookies,4.7 ,16
1261,key-lime-haze,4.3 ,32
1262,sweet-black-angel,4.5 ,45
1263,star-berry,4.6 ,13
1264,air-jordan-og,4.7 ,7
1265,pink-sunset,4.6 ,11
1266,the-one,4.8 ,36
1267,blockhead,4 ,71
1268,strawberry-milkshake,4.2 ,14
1269,jacky-white,4.4 ,57
1270,sour-cream,4.2 ,84
1271,armageddon,3.7 ,43
1272,mendo-montage,5 ,3
1273,santa-sativa,4.7 ,6
1274,triple-diesel,4.2 ,67
1275,trophy-wife,4.5 ,4
1276,jacky-girl,4 ,2
1277,kurple-fantasy,4.7 ,57
1278,bad-azz-kush,3.7 ,3
1279,northern-wreck,4.7 ,80
1281,ambrosia,4.2 ,85
1282,electric-lemonade,4.8 ,18
1283,gello-gelato,5 ,1
1284,hollands-hope,4.1 ,61
1285,purple-mr-nice,4.1 ,149
1286,nightmare-og,4.8 ,10
1287,golden-nugget,4.9 ,36
1288,gorilla-biscuit,4.7 ,13
1289,locktite,4.4 ,68
1290,jack-skellington,4.5 ,102
1291,91-krypt,4.8 ,13
1292,bodega-bubblegum,4.8 ,5
1293,redwood-kush,4.4 ,200
1294,tora-bora,4.5 ,101
1295,ultimate-trainwreck,4.1 ,37
1296,black-label-kush,4.1 ,31
1297,kilimanjaro,4.5 ,122
1298,super-cheese,4.4 ,37
1299,blue-sky,4.6 ,38
1300,nina-limone,4.9 ,10
1301,snowman,5 ,2
1302,sugar-plum,4.4 ,51
1303,professor-chaos,4.6 ,36
1304,frisian-duck,4.5 ,17
1305,donegal,4.1 ,54
1306,dutch-dragon,4.3 ,101
1307,eran-almog,4.4 ,36
1308,blue-train,4.2 ,70
1309,citradelic-sunset,4.7 ,9
1310,holy-roller,4.9 ,9
1311,buddha-og-kush,4 ,2
1312,day-tripper,4.1 ,24
1313,blueberry-jack,4.4 ,62
1314,golden-tiger,4.4 ,14
1315,afwreck,3.9 ,121
1316,lime-green-skunk,4.2 ,30
1317,member-og,4.8 ,4
1318,ghost-cookies,4.8 ,31
1319,blues,3.8 ,36
1320,the-truth,4.6 ,92
1321,jesus,4.6 ,58
1322,iced-grapefruit,4.3 ,58
1323,purple-glue,4.8 ,13
1324,lazy-lightning,4.7 ,3
1325,face-on-fire,4.8 ,6
1326,fruit-spirit,4.3 ,41
1327,bsc,4.6 ,53
1328,kali-dog,4.6 ,16
1329,illuminati-og,4.8 ,17
1330,aloha,3.9 ,47
1331,la-ultra,4.7 ,22
1332,critical,4.7 ,3
1333,scroopy-noopers,4.8 ,9
1334,pineapple-cookies,4.6 ,16
1335,lvpk,4.3 ,25
1336,dopium,4.3 ,24
1337,dutchberry,4.4 ,103
1338,poochie-love,4.3 ,12
1339,spumoni,5 ,2
1340,raindance,4.6 ,33
1341,moon-cookies,4.8 ,18
1342,purple-jack,4.1 ,43
1343,999,4.3 ,3
1344,green-line-og,4.8 ,57
1345,zeus-og,4.6 ,42
1346,black-betty,4.5 ,83
1347,purple-pie,4.7 ,6
1348,brian-berry-cough,4.5 ,36
1349,blue-monster,4.5 ,22
1350,pink-mango,4.6 ,14
1351,cherry-thunder-fuck,4.8 ,35
1352,kraken,4.5 ,32
1353,blue-venom,4.5 ,79
1354,white-skunk,4.4 ,37
1355,super-sour-skunk,4.4 ,61
1356,mango-dream,3.9 ,48
1357,alien-sour-apple,4.7 ,22
1358,afcrack,3.7 ,12
1359,frostbite,4 ,29
1360,treasure-island,4.6 ,25
1361,florida-og,4.5 ,4
1362,green-monster,3.8 ,62
1363,white-zombie,4 ,67
1364,fruity-chronic-juice,4.4 ,41
1365,pink-berry,4.2 ,11
1366,washing-machine,4.3 ,9
1367,satori,4.1 ,67
1368,silver-mountain,4.9 ,8
1369,white-haze,4.1 ,29
1370,shiatsu-kush,4.3 ,60
1371,hibiscus-sunrise,4.6 ,21
1372,hawaiian-purple-kush,4.5 ,40
1373,animal-blues,4.6 ,10
1374,star-pupil,4.6 ,17
1375,red-poison,4.5 ,33
1376,blue-hash,4.2 ,50
1377,lucy,4.4 ,37
1378,ghostbreath,5 ,6
1379,early-skunk,4.2 ,18
1380,alien-stardawg,4.3 ,9
1381,jungle-scout-cookies,4.3 ,4
1382,goat,4.6 ,7
1383,elvis,4.5 ,39
1384,white-sangria,4.6 ,24
1385,sour-flower,4.2 ,40
1386,south-american,4.1 ,27
1387,sonic-screwdriver,4.6 ,19
1388,sugar-shack,4.5 ,108
1389,pitbull,4.2 ,168
1390,central-american,4.6 ,5
1391,barbara-bud,3.7 ,38
1392,pluto-kush,4.2 ,24
1393,hindu-skunk,4.1 ,107
1394,dream-star,4.6 ,43
1395,black-out,5 ,2
1396,banana-candy,3.9 ,27
1397,marcosus-marshmellow,4.1 ,13
1398,wabanaki,4.8 ,38
1399,kalashnikova,4.5 ,45
1400,cluster-funk,4.3 ,3
1401,secret-recipe,4.4 ,54
1402,dream-berry,4.5 ,38
1403,devils-tit,4.3 ,15
1404,cherry-sherbet,4.3 ,34
1405,confidential-cheese,4.4 ,139
1406,k-train,4.5 ,33
1407,darkside-og,4.7 ,13
1408,sugar-breath,5 ,4
1409,chr-super-og,4.3 ,13
1410,panama-punch,4.7 ,27
1411,firewalker-og,4.5 ,50
1412,bootlegger,4.3 ,7
1413,ogiesel,4.2 ,70
1414,white-girl,4.6 ,10
1415,hammerhead,4.8 ,23
1416,death-by-cake-og,5 ,5
1417,jawa-pie,4.7 ,26
1418,ethos-apex,5 ,3
1419,jock-horror,3.8 ,23
1420,dawgs-waltz,4.5 ,51
1421,kushage,4.3 ,34
1422,deep-purple,3.8 ,87
1423,special-kush-1,4.4 ,18
1424,mad-dawg,4.3 ,24
1425,space-cream,4.8 ,25
1426,kona-gold,4.5 ,20
1427,bloodwalker,4.7 ,15
1428,sour-strawberry,4.4 ,5
1429,avi-dekel,4.5 ,41
1430,cackleberry,4.6 ,14
1431,uw,4.3 ,129
1432,old-school-og,3.9 ,14
1433,black-roses,4.7 ,12
1434,ice-queen,4.5 ,54
1435,aceh,4.5 ,41
1436,double-diesel,4 ,39
1437,whiteout,4.7 ,9
1438,omega,4.8 ,31
1439,dutch-treat-haze,4.5 ,57
1440,mega-jackpot,4.1 ,17
1441,white-harmony,4.7 ,11
1442,ak-og-kush,5 ,1
1443,samoa-kush,4.5 ,4
1444,birds-of-paradise,4.5 ,22
1445,opium,4.6 ,14
1446,apricot-jelly,4 ,2
1447,heisenberg-kush,4.6 ,39
1448,grape-skunk,4.1 ,42
1449,big-mac,4.3 ,3
1450,mazar-kush,4.3 ,66
1451,catfish,4.8 ,27
1452,purple-zkittlez,4.7 ,3
1453,panda-og,4.3 ,31
1454,snow-leopard,4.6 ,48
1455,pacific-frost,4.5 ,6
1456,purple-nepal,4.2 ,66
1457,shaman,4.3 ,37
1458,emerald-jack,4.4 ,77
1459,peppermint-cookies,4.7 ,55
1460,peach-crescendo-f-1,4 ,7
1461,alchemy,4.6 ,12
1462,og-glue-sniffer,4.9 ,14
1463,bb-king,3.8 ,16
1464,designer-og,5 ,1
1465,vanilla-gorilla,4.3 ,11
1466,biochem,4.6 ,35
1467,purple-reign,4.2 ,5
1468,strawberry-dream,4.3 ,65
1469,cinderellas-dream,4.4 ,100
1470,grand-doggy-purps,4.4 ,56
1472,shark-bite,4.1 ,15
1473,more-cowbell,5 ,2
1474,grandmas-batch,4.8 ,4
1475,el-fuego,5 ,1
1476,love-triangle,4.8 ,8
1477,big-kush,4.3 ,13
1478,giesel,4.5 ,2
1479,super-green-crack,4.3 ,109
1480,franks-gift,4 ,44
1481,double-purple-doja,4.7 ,23
1482,slurpie,5 ,1
1483,the-third-dimension,4.6 ,39
1484,lemon-wreck,4.1 ,62
1485,haleighs-hope,4.9 ,38
1486,mad-scientist,4.6 ,39
1487,og-la-affie,4.6 ,30
1488,grape-valley-kush,4.8 ,41
1489,92-og,4.3 ,3
1490,heavy-duty-fruity,4 ,79
1491,p-91,4.7 ,23
1492,blowfish,4.2 ,38
1493,og-strawberry,4.5 ,29
1494,sour-maui,4.5 ,48
1495,south-asian-sativa,5 ,2
1496,pure-love,4.7 ,21
1497,colin-og-s1,5 ,4
1498,middlefork,4.7 ,124
1499,aurora-borealis,4.1 ,35
1500,white-lotus,4.1 ,36
1501,kill-bill,4.5 ,19
1502,purple-ice,4.3 ,44
1503,light-of-jah,4.6 ,44
1504,aloha-limone,4.6 ,15
1505,pineapple-super-silver-haze,4.8 ,49
1506,amethyst,4.2 ,11
1507,chocolate-lava,4.7 ,3
1508,ogkz,5 ,5
1509,bog-bubble,4.5 ,6
1510,afghan-big-bud,3.6 ,25
1511,frisian-dew,4.2 ,35
1512,purple-buddha,4.3 ,50
1513,mother-of-all-cherries,4.7 ,3
1514,cobra-lips,5 ,1
1515,cambodian,3.9 ,13
1516,guptilla,4.7 ,19
1517,don-carlos,4.8 ,5
1518,blue-galaxy,4.8 ,12
1519,blue-nightmare,4.6 ,48
1520,goldberry,4.3 ,26
1521,707-truthband,4.5 ,2
1522,twisted-citrus,4.4 ,34
1523,palm-tree-cbd,4.4 ,25
1524,rockbud,4.2 ,13
1526,buddhas-hand,4.7 ,18
1527,pineberry,4.8 ,5
1529,supermax-og,4.8 ,48
1530,outlaw,4.6 ,17
1531,strawberry-blonde,4.4 ,17
1533,hemlock,4.5 ,60
1534,caramelicious,4.2 ,72
1535,black-bubba,4.5 ,27
1536,rolls-choice,4.7 ,56
1538,chupacabra,4.5 ,25
1539,puna-budder,4.9 ,16
1540,moonwalker-kush,4.9 ,19
1541,super-g,4.6 ,8
1542,sexxpot,4.4 ,18
1543,brazil-amazonia,4.6 ,8
1544,jah-kush,4.6 ,88
1545,sonoma-coma,4.4 ,27
1546,fire-alien-kush,4.5 ,58
1547,space-dawg,4.3 ,49
1548,serious-happiness,4.3 ,19
1549,blue-tahoe,4 ,3
1550,lemon-jeffery,4.8 ,16
1551,skunk-dawg,4.5 ,33
1552,hawaiian-sativa,4.1 ,34
1553,white-queen,4.3 ,45
1554,star-cookie,4.7 ,3
1555,atomical-haze,4.4 ,25
1556,hercules,4.5 ,26
1557,ultraviolet-og,4.6 ,34
1558,blackberry-diesel,4.1 ,20
1559,bell-ringer,5 ,7
1560,four-way,5 ,7
1561,afghani-cbd,4.6 ,50
1562,american-pie,4.7 ,6
1563,purple-cotton-candy,4.5 ,35
1564,gutbuster,4.7 ,16
1565,blueberry-lambsbread,4.8 ,16
1566,six-shooter,4.6 ,7
1567,3rd-coast-panama-chunk,4.5 ,12
1568,blaze,4.2 ,14
1569,mothers-helper,4.6 ,112
1570,lemon-thai-kush,4.5 ,4
1571,purple-afghan-kush,4.5 ,2
1572,sweet-berry,4.2 ,10
1573,cherry-vanilla-cookies,4.8 ,5
1574,jack-diesel,4.2 ,58
1575,hawaiian-diesel,4.4 ,32
1576,cookie-jar,4.7 ,15
1577,ripped-bubba,4.2 ,79
1578,black-dhalia,4 ,53
1579,love-potion-9,4.2 ,48
1580,pineapple-purps,4.5 ,19
1581,nypd,4.2 ,57
1582,blue-satellite,3.6 ,52
1583,shipwreck,4.3 ,95
1584,kens-kush,4.2 ,32
1585,white-cherry-truffle,4.6 ,10
1586,harry-potter,4.8 ,19
1587,sour-cherry-sherbert,4.5 ,17
1588,jacked-up,4.1 ,20
1589,the-cough,4.3 ,31
1590,kings-bread,3.9 ,28
1591,black-magic-kush,4.4 ,16
1592,funfetti,4.7 ,34
1593,mothers-finest,4.4 ,19
1594,alien-hallucination,4.1 ,42
1595,purple-unicorn,5 ,3
1596,supernova,4.1 ,51
1597,kushadelic,4.4 ,16
1598,red-eye-og,4.3 ,34
1600,afghan-sour-kush,4.6 ,18
1601,ghost-ship,4.4 ,13
1603,green-hornet,3.9 ,50
1604,zen,4.4 ,27
1606,ill-og,4.6 ,10
1607,amnesi-k-lemon,4.8 ,6
1608,bubble-cheese,3.9 ,20
1609,flaming-cookies,4.3 ,20
1610,galactica-og,4.8 ,9
1611,toxic,4.6 ,8
1612,misty-kush,4.5 ,27
1613,mystery-98,4.8 ,8
1614,glue-tech,4.6 ,22
1615,crumbled-lime,5 ,5
1616,purple-cheddar,4.6 ,30
1617,alpine-star,4.3 ,24
1618,silver-back,4.4 ,14
1619,zellys-gift,4.7 ,27
1620,shining-silver-haze,4.5 ,11
1621,9d4,4.5 ,4
1622,rocky-mountain-high,4.3 ,21
1623,ape-shit,5 ,7
1624,starry-night,4.6 ,21
1625,silverhawks-og,4.8 ,13
1626,quattro-kush,5 ,1
1627,serious-6,3.7 ,20
1628,arjans-ultra-haze-1,4.9 ,16
1629,sweet-pink,4.5 ,2
1630,blue-dot,4.7 ,48
1631,sensi-skunk,4.3 ,35
1632,white-ice,4.8 ,4
1633,beast-mode-og,4.3 ,38
1634,honey-lemon-cheese,4.4 ,5
1635,harmony,4.3 ,29
1636,blood-orange-sorbet,5 ,1
1637,brains-damage,4.5 ,21
1638,lamborghini,4.4 ,10
1639,j-27,3.9 ,32
1640,white-chocolate,3.6 ,8
1641,alien-breath,4.9 ,7
1643,punky-lion,4.2 ,27
1644,venice-og,4.1 ,33
1645,russian-assassin,4.8 ,23
1646,triangle-mints,5 ,5
1647,lemon-crme,5 ,3
1648,sapphire-scout,4.6 ,14
1649,american-dream,4.6 ,18
1650,bc-roadkill,3.9 ,31
1651,mother-tongue,4.5 ,29
1652,orange-hill-special,4.8 ,11
1653,connie-chung,4.1 ,74
1654,rocklock,4.4 ,59
1655,tango-kush,4.5 ,10
1656,megalodon,4.6 ,28
1657,sweet-deep-grapefruit,4 ,24
1658,iron-triangle,4.2 ,19
1659,emperor-cookie-dough,4.9 ,28
1660,strawberry-snow-cone,4.7 ,7
1661,highwayman,3.7 ,15
1662,dark-shadow-haze,5 ,4
1663,kings-banner,5 ,1
1664,white-lsd,4.9 ,13
1665,blue-heron,4.9 ,16
1666,azure-haze,4.4 ,14
1667,white-siberian,4.4 ,43
1669,starbud,4.7 ,61
1670,white-smurf,4.4 ,12
1671,allen-iverson-og,5 ,3
1672,hazmat-og,4.8 ,8
1673,trident,4.2 ,26
1674,kush-hemp,4.8 ,4
1675,think-different,4.4 ,30
1676,tesla,4.7 ,12
1677,the-sister,4.3 ,7
1678,huckleberry-soda,5 ,2
1679,dizzy-og,4.5 ,16
1680,hippie-chicken,4.4 ,40
1681,jazz,4.3 ,28
1682,frosted-freak,4.9 ,74
1683,dirty-old-bastard,4 ,6
1684,vixen,4 ,1
1685,maui-mango-diesel,4.4 ,24
1686,green-magic,4.4 ,9
1687,gelato-sorbet,4 ,1
1688,chocolate-skunk,4.7 ,6
1689,french-bread,4.7 ,6
1690,blackberry-haze,4.5 ,28
1691,kerosene,5 ,6
1692,scouts-honor,4.8 ,21
1693,la-cheese,4.5 ,2
1694,citral-skunk,4.2 ,9
1695,sasquatch-sap,4.6 ,10
1696,durban-berry,4.6 ,28
1697,best-friend-og,4.3 ,3
1698,blue-dynamite,4.3 ,53
1699,white-lemon,4 ,1
1700,dark-side-of-the-moon,4.6 ,56
1701,sleestack,4.3 ,25
1702,bazooka-joe-g,5 ,2
1703,tardis,4.6 ,30
1704,tangie-ghost-train,4.7 ,7
1705,dr-greenthumbs-em-dog,5 ,5
1706,strawberry-blue,4.1 ,55
1707,alien-cookies,5 ,1
1708,purple-happy-rancher,4.3 ,54
1709,gorilla-grips,4.4 ,8
1710,ms-universe,3.5 ,14
1711,strawberry-sorbet,5 ,1
1712,kool-aid-smile,4.9 ,7
1713,flo-limone,4.7 ,12
1714,thai-haze,4.4 ,26
1715,training-day,4.5 ,62
1716,mandarin-tk,5 ,5
1717,alaska-thunder-grape,4.2 ,6
1718,chocolate-glue,4.3 ,9
1719,harambe,4.7 ,6
1720,killer-grape,4.8 ,17
1721,glass-apple,4.6 ,27
1722,django,4.7 ,13
1723,purple-martian-kush,4.5 ,15
1724,blue-ox,4.1 ,9
1725,hawaiian-skunk,4.1 ,51
1726,sour-lsd,4.2 ,30
1727,juicy-jack,4.3 ,23
1728,swiss-bliss,3.8 ,13
1729,magnum-opus,4.6 ,5
1730,crocketts-haze,4.4 ,5
1731,cheese-candy,4.3 ,62
1732,dream-beaver,4.7 ,51
1733,cbd-lilly,4.7 ,7
1734,purple-paralysis,4.3 ,33
1735,animal-mints,4.5 ,16
1736,super-sour-widow,4.7 ,30
1737,sin-city-kush,4.7 ,18
1738,chem-berry-diesel,5 ,3
1739,island-maui-haze,4.5 ,15
1740,foul-mouth,4.7 ,6
1741,white-lavender,4.1 ,62
1742,atomic-bomb,5 ,3
1743,zamaldelica,4.7 ,6
1744,anubis,4.9 ,9
1745,lemon-zest,4.4 ,9
1746,ketama,4 ,5
1747,bubba-berry,4.9 ,13
1748,biohazard,4.6 ,10
1749,remo-chemo,5 ,3
1750,grimmdica,4.5 ,16
1751,seattlesoda,4.1 ,11
1752,east-coast-alien,4.6 ,17
1753,sorbetto,4.8 ,4
1754,alien-abduction,3.7 ,16
1755,nectarine-lips,4.6 ,8
1756,lak-federal-reserve,5 ,17
1757,magnum-pi,4.4 ,17
1758,double-barrel-og,4.2 ,6
1759,velvet-purps,4.7 ,6
1760,industrial-plant,4.2 ,15
1761,kuchi,3.6 ,9
1762,hong-kong,4.4 ,57
1763,white-elephant,4.4 ,38
1764,sweet-amnesia-haze,5 ,4
1765,guava-chem,4.5 ,42
1766,skydog,4.5 ,26
1767,blackberry-dream,4.6 ,18
1768,el-nino,3.7 ,32
1769,appleberry,4.7 ,12
1770,cookies-haze,4.3 ,3
1771,chocolate-tonic,4 ,1
1772,the-flav,4.2 ,48
1773,grape-candy,5 ,1
1774,south-indian,4.3 ,12
1775,831-og,4.8 ,10
1776,krishna-kush,4.7 ,19
1777,super-sour-lemon,5 ,6
1778,cali-dragon,4.8 ,8
1779,shark-attack,4.5 ,17
1780,cindy-white,4.4 ,52
1781,thai-lights,4.7 ,41
1782,longbottom-leaf,4.9 ,12
1783,belladonna,4 ,28
1784,fire-haze,4 ,43
1785,platinum-wreck,4 ,92
1786,blue-wolf,4.4 ,9
1787,agape,4.5 ,2
1788,blurple,4.1 ,37
1789,blue-ivy,4.3 ,34
1790,green-crack-extreme,4.5 ,68
1791,astral-works,5 ,4
1793,american-kush,4.8 ,20
1794,alien-asshat,4.8 ,38
1795,jamaican-lion,4.7 ,27
1796,tree-of-life,4.9 ,14
1797,china-yunnan,4.4 ,9
1798,limon,4.8 ,27
1799,blue-mountain-fire,4.1 ,10
1801,jorges-diamond,4.6 ,7
1802,master-jedi,4.4 ,74
1803,margaret-cho-g,4.8 ,4
1804,california-sour,3.6 ,20
1805,double-mint,4.5 ,6
1806,buckeye-purple,4.6 ,24
1807,bluniverse,4.7 ,21
1808,the-ox,4.8 ,20
1810,karma-og,4.5 ,8
1811,ghost-bubba,4.4 ,29
1812,california-love-og,5 ,7
1813,ny-cheese,4.4 ,17
1814,pacific-blue,4.9 ,18
1815,caramel-kona-coffee-kush,4.6 ,8
1816,big-sur-holy-bud,4 ,30
1817,cadillac-cookies,4.8 ,5
1818,blue-kripple,3.8 ,18
1819,trueberry,4.6 ,17
1820,cheesewreck,4.2 ,70
1821,alien-inferno,4.8 ,22
1822,mammoth,4.6 ,27
1823,pineapple-sage,4.9 ,12
1824,sour-urkle,4.6 ,59
1825,black-fire,4 ,1
1826,monkey-bread-1,4.3 ,3
1827,liquid-butter,4.4 ,58
1828,dutch-kush,4 ,11
1829,nightfire-og,4.3 ,32
1830,pineapple-thai,3.8 ,84
1831,super-bud,4.2 ,19
1832,cherry-fuel,5 ,2
1833,hashplant-haze,4.5 ,30
1834,white-strawberry,3 ,5
1835,nukeheads,4.1 ,9
1836,royal-tree-sherbet,5 ,3
1837,x-wing,4.3 ,17
1838,carnival,4.5 ,10
1839,powernap,5 ,4
1840,cbd-og,4.8 ,5
1841,sour-og-cheese,4.5 ,2
1842,bediol,4.7 ,14
1843,guard-dawg,4.2 ,17
1844,white-choco,4.2 ,5
1845,grimace-og,4.8 ,12
1846,lake-of-fire,4.5 ,51
1847,summer-breeze,4.8 ,8
1848,go-time,4.3 ,13
1849,zoom-pie,4.6 ,10
1850,blue-buddha,4.9 ,8
1851,royal-dwarf,4.4 ,16
1852,ocd,4.2 ,18
1853,hempstar,4.2 ,125
1854,humboldt-dream,4.8 ,9
1855,amnesia-ganja-haze,4.5 ,4
1856,quad-dawg,4.8 ,4
1857,cannasutra,4.8 ,11
1858,kush-n-cheese,4.2 ,10
1859,pearl-scout-cookies,4.6 ,51
1860,terminator-og,4.8 ,13
1861,black-magic,4.7 ,3
1862,brainstorm-haze,3.9 ,44
1863,chocolate-thunder,3.7 ,11
1864,sweet-jane,4.5 ,11
1865,afrikaner,4 ,2
1866,green-crack-cbd,4.1 ,7
1867,the-grunk,4.6 ,43
1868,safety-meeting,4.8 ,4
1869,old-toby,4.3 ,10
1870,stinky-pete,4.8 ,6
1871,tuna-og,4.3 ,3
1872,terpwin-station,3.5 ,2
1873,crypt,4.4 ,19
1874,sweet-valley-kush,5 ,2
1875,ebola-7,4.5 ,12
1876,afghan-widow,4.7 ,9
1877,deadlights,4.5 ,11
1878,double-tap,5 ,4
1879,moon-drops,4.6 ,5
1880,project-blue-book,4.7 ,12
1881,star-master-kush,4.7 ,19
1882,tangerine-sunrise,4.6 ,10
1883,booger,4.7 ,48
1884,special-k,4.2 ,26
1885,blackberry-lime-haze,4.7 ,32
1886,og-los-angeles-kush,4.8 ,17
1887,cypress-og,4.8 ,5
1888,cambodian-haze,4.7 ,7
1889,jack-wreck,4.4 ,31
1890,edelweiss,4.2 ,37
1891,early-miss,4.1 ,9
1892,jack-kush,4.1 ,36
1893,raw-diesel,3.6 ,12
1894,quebec-gold,4.5 ,17
1895,berries--crme,5 ,5
1896,kiwiskunk,4 ,13
1897,dream-machine,4.7 ,6
1898,mercury-og,4.4 ,50
1899,blackberry-pie,4.6 ,17
1900,medibud,4.5 ,97
1901,aspen-og,4.1 ,8
1902,cobbler,5 ,3
1903,blue-thai,3.9 ,13
1904,master-skunk,4.4 ,28
1905,heavenly-og,4.8 ,6
1906,gandalf-og,4.6 ,18
1907,yodas-brain,4.9 ,20
1908,diesel-glue,4.3 ,4
1909,spice,5 ,1
1910,sumo-grande,4.8 ,9
1911,sizzurp,4.5 ,4
1912,cronuts,4.9 ,14
1913,happy-rancher,4.3 ,35
1914,grape-bubba,5 ,5
1915,dinachem,4.5 ,11
1917,bangi-haze,5 ,5
1918,super-sweet,4.7 ,55
1919,grilled-cheese,4.8 ,8
1920,grape-vine,4.1 ,9
1921,crocketts-confidential,4 ,1
1922,holy-ghost,4.6 ,20
1923,purple-people-eater,4.3 ,21
1924,ig-kush,4.4 ,5
1925,hulkamania,4.9 ,7
1926,zelda,4.8 ,12
1927,cherry-durban-poison,4.4 ,19
1928,kiss,4.2 ,10
1929,sky-lotus,4.9 ,11
1930,enigma,4.6 ,29
1931,allkush,4.9 ,7
1932,sour-poison,4.6 ,21
1933,heatwave,4.4 ,5
1934,blackberry-trainwreck,4.4 ,28
1935,lemon-tangie,5 ,3
1936,banana-peel,4.7 ,16
1937,nuclear-cookies,4.6 ,21
1938,g-force,5 ,4
1939,gods-treat,4.2 ,13
1940,black-lotus,4.5 ,6
1941,wellness-og,4.7 ,31
1942,sierra-mist,4.5 ,13
1943,hawaiian-fire,4.3 ,31
1944,sky-master,4.8 ,16
1945,bubble-bomb,5 ,3
1946,southern-lights,3.9 ,9
1947,sfv-dog,4.6 ,22
1949,neptune-og,4.5 ,40
1950,white-strawberry-skunk,5 ,5
1951,euphoria-cookies,5 ,14
1952,mighty-glue,4 ,5
1954,sugar-mama,4.6 ,22
1955,bc-sweet-tooth,4.1 ,30
1956,double-dutch,4.3 ,19
1958,sunset-haze,4.2 ,12
1959,raspberry-diesel,4.5 ,4
1960,lions-milk,5 ,3
1961,snow-diesel,3.4 ,9
1962,lucifer-og,3.6 ,5
1963,mountain-thunder,4.3 ,6
1964,night-train,4 ,13
1965,kaboom,4.3 ,67
1966,silver-cheese,4.5 ,2
1967,early-pearl,4.2 ,12
1968,blue-flame,4.7 ,3
1969,diamond-valley-kush,5 ,8
1970,desert-diesel,4.3 ,3
1971,xxx-420,4.1 ,18
1972,arabian-gold,3.8 ,12
1973,cookies-and-cream-cheese,5 ,1
1975,nebula-ii-cbd,4.5 ,31
1976,russian-rocket-fuel,3.9 ,25
1977,mountain-girl,4.6 ,11
1978,jimi-hendrix,4.7 ,24
1979,jacks-dream,4.3 ,21
1981,punto-rojo-tierra-adentro,4.5 ,2
1982,blackberry-rhino,4.3 ,30
1983,sour-willie,4.5 ,42
1984,csg,4.3 ,3
1985,mandarin-zkittlez,4 ,3
1986,northern-skunk,4.5 ,50
1987,sublime,4.3 ,23
1988,california-sour-diesel,4 ,3
1989,strawberry-blondie,4.9 ,28
1990,yummy,4.4 ,39
1991,hawaiian-mayan-gold,4.8 ,12
1992,first-48,4.4 ,25
1993,gravity,4.1 ,30
1994,cookie-puss,4.7 ,7
1995,pamelina,4.7 ,19
1996,tina-danza,4.7 ,38
1997,cocoa-kush,3 ,1
1998,mendocino-madness,4.7 ,3
1999,truffula-tree,5 ,2
2000,hawaiian-duckfoot,4.5 ,4
2001,cherry-fire,4.7 ,3
2002,b-witched,4.9 ,14
2003,michael-phelps-og,4.3 ,29
2004,rocky-mountain-blueberry,4.5 ,19
2005,dr-feelgood,4.3 ,9
2006,green-python,4.3 ,3
2007,peach-puree,5 ,2
2008,orange-kush-cake,4 ,1
2009,buffalo-bill,4.2 ,17
2010,himalayan-blackberry,4.9 ,21
2011,blue-nina,4.5 ,12
2012,caramel-cake,5 ,3
2013,west-coast-dawg,4.8 ,5
2014,island-haze,4.8 ,6
2015,damnesia,4.3 ,12
2016,swiss-tsunami,4.7 ,21
2017,suicide-girl,4.8 ,5
2018,purple-majik,4 ,1
2019,carl-sagan,4.4 ,28
2020,aloha-grape-stomper,5 ,3
2021,cookie-pebbles-og,5 ,1
2022,urkle-train-haze,4.8 ,52
2023,coconut-oil,4 ,6
2024,loopy-fruit,3.8 ,4
2025,morning-glory,4.9 ,14
2026,mako-haze,4.2 ,45
2027,lemon-daddy,3.5 ,13
2028,haze-heaven,4.5 ,13
2029,godfather-purple-kush,4.3 ,21
2030,pure-afghan,4.6 ,57
2031,karma-bitch,4.3 ,26
2032,blackberry-x-blueberry,4.2 ,35
2033,wookies-cookies,4 ,1
2034,sour-breath,4.1 ,18
2035,grape-drink,4.5 ,8
2036,purple-goat,4 ,4
2037,guava,4.5 ,2
2038,confidential-cookies,5 ,4
2039,rob-ford-kush,4.6 ,11
2040,pia-collision,4.7 ,3
2041,grimace,4.4 ,63
2042,white-romulan,4.3 ,62
2043,kubbie-kush,4.2 ,29
2044,katsu-kush,4.2 ,43
2045,fallen-angel,5 ,5
2046,cabbage-patch,4.5 ,22
2047,quiver-killer-kush,4.5 ,2
2048,b4,4.6 ,16
2049,blueberry-triple-og,4.5 ,4
2051,black-velvet,4 ,23
2052,white-dragon,4.2 ,23
2053,lavender-haze,4.1 ,31
2054,griz-kush,4.5 ,44
2055,huckleberry-diesel,4.4 ,7
2056,alien-dutchess,4.3 ,36
2057,the-boss,5 ,2
2058,nurse-jackie,4.2 ,38
2059,cherry-moon-pie,5 ,1
2060,golden-panda,4.6 ,20
2061,bermuda-sour,4.5 ,2
2062,doobiebird-daydream,4.8 ,12
2063,gog-magog,4.5 ,13
2064,orange-turbo,4.4 ,16
2065,holy-punch,5 ,1
2066,hell-raiser-og,4.7 ,36
2067,double-d,4.2 ,43
2068,magic-jordan,3.8 ,5
2069,green-cheese,4.1 ,17
2070,brainwreck,4.6 ,16
2071,aberdeen,4.4 ,8
2072,orange-harambe,4.8 ,5
2073,yogi-diesel,4.5 ,13
2074,blueberry-silvertip,4.5 ,60
2075,wonka-s-bubbilicious,4.6 ,56
2076,durga-mata-ii,3.3 ,3
2077,gods-bubba,4.6 ,11
2078,leagle-eagle,4.5 ,22
2079,pineapple-purple-skunk,4 ,11
2080,ortega,4.8 ,11
2081,dough-lato,5 ,1
2082,lemon-fire,4.6 ,12
2083,blue-zombie,4.8 ,17
2084,alohaberry,3.9 ,27
2085,chuck-og,4.7 ,7
2086,heaven-scent,4.8 ,4
2087,little-dragon,5 ,6
2088,florida-lemons,4 ,1
2089,russian-doll,4.7 ,7
2090,kritikal-k,4.4 ,7
2091,marleys-collie,4.4 ,12
2092,little-devil,4.2 ,5
2093,faygo-red-pop,4.8 ,12
2094,boggle-gum,3.9 ,24
2095,crimea-blue,4.2 ,28
2096,blizzard-bush,5 ,1
2097,haze-wreck,4.6 ,15
2098,blue-og-sherbert,5 ,2
2099,thunderbird-rose,4.8 ,16
2100,wonderwoman-og,3.8 ,41
2101,blue-champange,4.1 ,64
2102,exodus-kush,5 ,1
2103,pine-cone,4.8 ,5
2104,the-white-angel,4.5 ,6
2105,og-eddy-lepp,4.3 ,4
2106,swiss,4 ,8
2107,valentine-x,4.4 ,21
2108,thunderstruck,4.8 ,16
2110,brain-candy,5 ,3
2113,doc-holliday,5 ,3
2114,purple-pinecone,4.5 ,14
2115,lil-sebastian,4.4 ,5
2116,big-wreck,4.2 ,58
2117,ol-betsy,3 ,2
2118,bubba-x-skunk,5 ,6
2119,triple-scoop,4 ,1
2120,afrodite,3.4 ,5
2121,chong-star,4.5 ,25
2122,sour-spyder,5 ,4
2124,fruity-juice,4.3 ,3
2125,cherry-skunk,4.3 ,70
2126,cherry-puff,4.5 ,2
2128,north-american,4.4 ,12
2129,grateful-breath,5 ,2
2130,animal-gas,4.8 ,4
2131,pink-hawaiian,4.8 ,6
2132,gluechee,4.7 ,3
2133,oregon-pinot-noir,4.6 ,14
2135,don-shula,5 ,8
2136,r-4,5 ,4
2137,badazz-cheese,4.5 ,2
2138,gupta-kush,4.4 ,9
2139,the-gift,4.9 ,10
2140,ash,4.5 ,14
2141,the-void,4.4 ,59
2142,afpak,4.4 ,8
2143,bleugenius,4 ,1
2144,k1,3.9 ,18
2145,odyssey,4.2 ,24
2146,crystal-gayle,4.6 ,7
2147,berry-larry,4.7 ,7
2149,rebel-god-smoke,5 ,5
2150,titans-haze,4.3 ,3
2151,dosi-white,5 ,1
2152,ghetto-bird,5 ,1
2153,thaidal-wave,3.8 ,4
2154,phatt-frutty,4.7 ,3
2155,dank-dough,5 ,1
2156,stardawg-91,5 ,3
2157,wakanda-og,4.4 ,7
2158,ice-kush,5 ,1
2159,bedica,4.4 ,17
2160,moon-walk,4.3 ,3
2161,orange-wreck,4.1 ,13
2162,glad-max,4.3 ,33
2163,bright-fire,5 ,4
2164,sour-strawberry-diesel,4.5 ,60
2165,blueberry-hashplant,4.5 ,2
2166,critical-47,4.3 ,20
2167,west-og,3.7 ,10
2168,loud-scout,4.1 ,16
2169,pinewarp,5 ,2
2170,white-bubblegum,5 ,2
2171,desert-star,4.8 ,4
2172,lime-tart,5 ,6
2173,bubbas-bitch,4.3 ,3
2174,alion,3.5 ,2
2176,horace,5 ,3
2177,orange-afghani,4.8 ,4
2178,animal-sherbert,4 ,2
2179,blue-blood,4 ,22
2180,formula-one,4 ,1
2182,burnt-cookies,4.8 ,6
2183,rocky-dennis,4.9 ,29
2184,supa-don,4.5 ,8
2185,mangolicious,4.8 ,4
2186,tahoe-purps,4 ,5
2188,cherries-jubilee,4.4 ,17
2189,or,4.3 ,21
2191,dawgfather-og,4.3 ,10
2192,alpine-blue,4.5 ,10
2193,shurman,4.7 ,9
2194,jane-doe,4.4 ,12
2195,blue-treat,4.9 ,8
2196,violeta,4.6 ,8
2197,huckleberry-cough,5 ,5
2198,strawberry-frost,5 ,8
2199,iced-widow,4.3 ,40
2200,california-black-roze,4 ,1
2201,orange-durban,4.8 ,11
2202,erez,4.3 ,26
2203,blackberry-cobbler,4 ,1
2204,chloe,4.9 ,35
2205,intergalactic,4.6 ,9
2206,c3po,4.3 ,18
2207,mandarin-jack,5 ,1
2208,snow-goddess,4.8 ,6
2209,budzilla,4 ,1
2211,fast-eddy,4 ,7
2212,royal-purple-kush,5 ,1
2213,afghanimal,4.5 ,2
2214,crouching-tiger-hidden-alien,4.8 ,20
2215,big-buddhas-king-kong,4 ,1
2216,anonymous-og,4.9 ,13
2218,yem-og,5 ,1
2219,blue-bayou,2.7 ,6
2220,gemstone,4.8 ,17
2221,fat-purple,4.7 ,15
2222,venus-og,4.8 ,9
2223,purple-hashplant,4.4 ,30
2225,kaia-kush,4.7 ,15
2227,rene,4.4 ,28
2228,california-hash-plant,4.3 ,9
2229,cascadia-kush,4.6 ,15
2230,north-american-sativa,4.8 ,10
2231,jacks-girl,5 ,3
2232,confidential-wreck,4.3 ,9
2234,maui-bubble-gift,4.6 ,44
2235,wtf,4.7 ,9
2236,thai-tanic,3.8 ,15
2237,strawberry-alien-kush,4 ,2
2238,maui-pineapple-chunk,4.8 ,8
2239,molokai-frost,4.9 ,15
2240,yolo-berry,4.5 ,4
2241,stella-blue,4.3 ,26
2242,ak-020,4 ,1
2243,c13-haze,4.4 ,16
2244,johnnys-tonic,4.7 ,11
2245,mandala-1,4.3 ,10
2246,super-silver-hash-plant,5 ,4
2247,white-caramel-cookies,5 ,4
2248,tesla-tower,4.9 ,7
2249,karibbean-mango,4.5 ,2
2250,jack-smack,5 ,9
2251,alley-cat-kush,5 ,1
2252,donna-og,4.6 ,81
2253,cheeseburger,3.2 ,10
2254,good-medicine,4.3 ,38
2255,trash,4.7 ,11
2256,berts-cookie-dough,5 ,3
2257,strawberry-mango-haze,4.4 ,26
2258,very-cherry,4.8 ,4
2259,satsuma,4.7 ,3
2260,red-dwarf,4.2 ,27
2261,tangelo-kush,3.6 ,10
2263,bianca,4.3 ,8
2264,kerala,4.5 ,2
2265,gremlin,4.4 ,9
2266,grape-dawg,4.8 ,4
2268,tranquil-elephantizer-remix,4.5 ,40
2269,purple-bush,4.9 ,14
2270,medicine-woman,4.7 ,27
2271,lions-gate,3.2 ,10
2272,truth-serum,3.8 ,6
2273,thelonious-skunk,4.6 ,13
2274,bango,4.8 ,6
2275,fire-alien-romulan,5 ,1
2276,big-skunk-korean,4.3 ,3
2277,killing-fields,4.4 ,33
2278,bubba-hash,5 ,1
2279,grand-hindu,4.7 ,24
2281,agent-tangie,4.6 ,17
2282,big-sky-og,4.4 ,18
2283,chuckys-bride,3.7 ,7
2284,spliffs-strawberry,4.6 ,5
2286,the-real-mccoy,4.8 ,4
2287,red-rhino,5 ,2
2289,rebel-berry-og,4.9 ,10
2291,concord-cream,3 ,1
2292,rubicon,4.5 ,23
2293,golden-tangie,4.1 ,7
2294,motavation,3.7 ,17
2295,soulshine-aloha,5 ,2
2296,mr-tusk,4.5 ,8
2297,blue-wreck,4.6 ,37
2298,rise-n-shine,4.8 ,4
2299,gdp-electric,5 ,3
2300,oregon-pineapple,4.2 ,42
2301,phishhead-kush,4.4 ,8
2302,the-ooze,4 ,6
2303,boysenberry,3.6 ,24
2304,jasmin,4.7 ,14
2305,bonkers,4 ,2
2306,summertime-squeeze,4.8 ,8
2307,chem-crush,4.2 ,11
2308,mexican-kush,5 ,1
2309,tiger-woods,4.1 ,12
2310,dutch-thunder-fuck,4.9 ,14
2311,durban-cheese,4 ,25
2312,gummo,4.4 ,18
2313,snow-ryder,4.5 ,2
2314,trifecta,4.4 ,9
2315,ethiopian,4 ,2
2316,government-mule,4 ,2
2317,frosty-jesus,4.6 ,5
2318,early-glue-rbx1,5 ,2
2319,kt-dawg,4.3 ,14
2320,supergirl,4.3 ,19
2321,riddler-og,4.7 ,3
2322,blue-boy,4.1 ,53
2323,beast-mode-20,4.5 ,17
2324,cherry-grapefruit,4.5 ,4
2325,lucid-bolt,4.3 ,6
2326,orange-kush-breath,4 ,9
2327,p-51,4.2 ,28
2329,chem-kesey,4.5 ,2
2330,superstar,4.1 ,21
2331,black-cheese,4.3 ,3
2332,seattle-blue,4.1 ,21
2334,arctic-sun,4.3 ,6
2335,california-limes,5 ,3
2336,silver-train,4.7 ,23
2337,ogre-berry,4.5 ,14
2338,koloa-sunrise,5 ,1
2339,ginger-ale,4.9 ,8
2340,comfortably-dumb,5 ,2
2342,grape-ox,4.6 ,35
2343,kali-47,5 ,8
2344,ghost-og-moonshine,4.9 ,20
2346,blackberry-chem-og,4.2 ,18
2350,american-beauty,5 ,2
2351,humboldt-headband,4.9 ,10
2352,majestic-12,4.8 ,5
2353,sweet-jesus,4.9 ,10
2355,blue-iguana,4.4 ,8
2356,sweet-dream,4.4 ,13
2357,og-tonic,4.5 ,2
2358,puna-buddaz,5 ,6
2359,white-empress,4.4 ,7
2360,sweet--sour-cindy,5 ,2
2361,crazy-miss-hyde,4.6 ,22
2362,fruit-loop-og,4 ,1
2363,caramella,4.6 ,7
2364,colorado-clementines,4.4 ,12
2365,pinot-green,4.5 ,12
2366,kushashima,4 ,4
2367,sour-ape,4.2 ,12
2369,alpha-express,4.7 ,6
2370,armagnac,4.2 ,5
2371,skunk-47,4.3 ,28
2372,fruity-widow,4.9 ,10
2374,kobain-kush,4.1 ,14
2375,kush-cleaner,4.6 ,20
2376,chocolate-rain,5 ,4
2377,f-13,5 ,2
2378,mt-rainier,4.7 ,15
2379,bubba-cheese-auto,4 ,1
2380,richie-rich,4.5 ,4
2381,js-famous-kush,4 ,4
2382,the-fuzz,4.7 ,3
2383,mt-cook,5 ,4
2384,pineapple-dog-shit,4.3 ,37
2385,bubblegun,3.5 ,44
2386,juliet,4.6 ,20
2387,tickle-kush,4.4 ,10
2388,karmarado-og,4.7 ,3
2389,jesses-girl,4.8 ,9
2390,daywalker,5 ,2
2391,true-love,5 ,1
2392,mountain-temple,5 ,2
2393,chardonnay,4.7 ,3
2394,hindu-sour,4.3 ,4
2396,skunky-diesel,4.2 ,23
2397,head-trip,4.2 ,28
2398,spirit-of-76,4.4 ,30
2399,nepalese-jam,4.3 ,6
2401,organic-diesel,4.3 ,19
2403,dutch-crunch,4.2 ,9
2405,powderhound,5 ,3
2406,az-super-sour-og,4.9 ,23
2407,lemonder,4.6 ,25
2408,ancient-kush,4.6 ,8
2409,bertberry-cheesecake,4.9 ,14
2410,royal-chemdawg,4.4 ,16
2411,purple-killer,4.6 ,7
2412,afghanica,4.1 ,16
2414,high-five,5 ,1
2415,alf,5 ,2
2416,fire-alien-strawberry,4.3 ,3
2417,ogs-pearl,3.9 ,25
2418,orient-express,4.4 ,7
2419,mazari,4.3 ,3
2420,sour-jilly,4.8 ,21
2421,atomic-goat,4.8 ,12
2422,disney-blue,4.5 ,14
2423,lemon-larry-lavender,4.3 ,15
2424,maui-citrus-punch,4.6 ,8
2425,negra-44,4.2 ,6
2426,vcdc,4.6 ,42
2427,qleaner,4.3 ,36
2428,dieseltonic,4.3 ,19
2429,g13-diesel,4.5 ,11
2430,citrus-rush,5 ,4
2431,lost-coast-hash-plant,5 ,3
2432,cherry-sauce,5 ,2
2433,golden-gage,4.4 ,7
2434,fire-alien-urkle,5 ,1
2435,sugar-pine,4.7 ,3
2436,tangier-chilly,5 ,2
2437,sour-star-head,4.2 ,5
2438,gypsy-kush,4 ,1
2439,bubba-fresh,5 ,1
2441,madzilla,5 ,5
2443,verde-electric,4.1 ,43
2444,space-jill,3.5 ,23
2445,dragon-punch,5 ,2
2447,domino,4 ,7
2448,ice-princess,5 ,2
2449,robert-plant,3.8 ,4
2450,dream-girl,4.3 ,7
2451,clockwork-orange,5 ,3
2452,total-paralysis,5 ,1
2453,magnificent-mile,4.2 ,13
2454,cluster-bomb,4.3 ,12
2456,blue-cinex,4.7 ,13
2457,la-blanca-gold,4.2 ,5
2458,afghani-krush,5 ,1
2459,white-super-skunk,4 ,1
2460,higher-power,4.8 ,11
2461,blue-bastard,3.6 ,30
2462,chemnesia,4.8 ,10
2463,big-bomb,3.5 ,2
2464,nanas-fix,4.8 ,6
2465,sorbet-dreams,5 ,2
2466,flowers-for-algernon,5 ,4
2467,harmonia,4.5 ,19
2468,whitaker-blues,4.2 ,13
2469,sweet-pure-cbd,4.5 ,2
2470,buddhas-tooth,5 ,1
2471,tangie-sunrise,4.8 ,9
2472,serious-kush,5 ,1
2473,easy-bud,4.8 ,4
2475,big-bull,3.3 ,3
2476,bedford-glue,5 ,5
2477,grandma-andersons-cookies,4.5 ,2
2478,einsteins-pipe,4 ,1
2479,og-purple-fire-thai,4 ,2
2480,blackberry-bubble,4.7 ,26
2481,orange-poison,5 ,4
2482,kc-36,4.3 ,4
2483,rosaberry,4 ,1
2484,elphinstone,4.5 ,6
2485,arcticblue,4.8 ,21
2486,bloos-kloos,4.7 ,19
2487,somari,5 ,1
2488,star-tonic,4.7 ,38
2489,kauai-electric,4.8 ,9
2490,cello-sweet-og,4 ,4
2491,strawberry-durban-diesel,4.4 ,7
2492,deep-cheese,4.3 ,16
2493,blueberry-bomb,3.8 ,12
2495,madcow,3.4 ,8
2496,sweet-pebbles,4.7 ,11
2497,poison-haze,3.8 ,13
2498,brooklyn-mango,4.8 ,10
2501,harley-storm,4.8 ,8
2502,frida,4.7 ,25
2503,deep-breath,5 ,2
2504,damn-sour,4.1 ,8
2506,bubba-kush-20,5 ,4
2507,corleone-kush---the-don-cut,5 ,6
2508,sun-ra,4.8 ,9
2509,blue-j,5 ,3
2510,white-domina,4.3 ,4
2511,stoopid-fruits,4.5 ,2
2512,cashus-clay,4.4 ,5
2513,green-avenger,4.8 ,8
2514,pan-jam,5 ,1
2515,u2-kush,4 ,39
2516,fall-97,4 ,1
2519,monkey-thunder,4.3 ,4
2521,patti-cake,4 ,1
2522,kerala-krush,4.6 ,11
2523,super-silver-lights,4.2 ,5
2524,hawaiian-delight,4 ,13
2525,qush,4.4 ,12
2526,stevie-wonder,4.5 ,22
2527,el-perro,4.9 ,9
2528,bettie-page,4.3 ,36
2529,city-of-god,5 ,2
2530,wonder-kid,4.8 ,5
2532,black-label,4 ,3
2533,testarossa,5 ,2
2534,maramota-10,4.7 ,3
2535,gmo-kush,3 ,1
2536,zerculese,5 ,1
2538,doctor-doctor,5 ,6
2539,m1-56,5 ,1
2540,blue-wonder,5 ,2
2541,blueberry-essence,4.3 ,21
2542,millennium,3.8 ,10
2543,purple-maui,4.1 ,16
2544,magellan,4.8 ,11
2545,spicy-disco,4 ,1
2547,mud-bite,4.8 ,6
2549,hannibal-nectar,5 ,1
2550,ultra-sonja,4.5 ,26
2551,love-boat,4.5 ,2
2552,green-mango,4.6 ,5
2553,gto,4.5 ,2
2554,bubba-tom-hayes,4.8 ,9
2555,jericho-haze,5 ,1
2556,birds-eye,4.8 ,5
2557,black-84,4.5 ,34
2558,chicle,5 ,5
2559,green-ninja,4 ,1
2561,als-dream,3 ,3
2563,lapd,4.7 ,13
2564,sour-chunk,3.9 ,12
2565,morning-star,4.3 ,27
2567,bandana,4.3 ,9
2568,cali-jack,4.6 ,7
2569,atmosphere,4.8 ,18
2571,jack-widow,4 ,37
2572,opal-og-kush,4.5 ,18
2573,crystalberry,4.7 ,6
2574,lemon-bananas,4.7 ,12
2575,gelato-pebbles,5 ,1
2576,la-reina-de-africa,4.3 ,3
2577,dedoverde-haze,4 ,1
2578,redd-cross,4.8 ,6
2579,east-coast-sour-diesel-5258013bbbf541e3a4e8fd93f1deb588,3.5 ,2
2580,bright-moments,4.6 ,5
2581,cannadential,3.9 ,56
2582,purple-cow,4.5 ,4
2583,kush-rise,4.3 ,4
2585,dr-bubbles,4.8 ,4
2586,chemwreck,4.5 ,26
2587,south-asian,4.3 ,4
2588,g13-widow,4.8 ,13
2589,sinai,4.8 ,5
2590,chemdawg-4-x-alien-og-kush,4.5 ,28
2591,purple-tears,5 ,3
2592,dutch-queen,4.4 ,22
2593,secret-garden-og,4.3 ,3
2594,sweet-baby-jane,4.3 ,24
2595,goat-head,4.7 ,3
2596,silver-la,5 ,2
2597,wreckage,4.5 ,19
2598,buddha-white-dwarf,5 ,2
2599,humdinger-og,4.7 ,3
2600,denver-maple,4.2 ,17
2601,purple-swish,5 ,6
2602,jt15,5 ,2
2603,orange-snow-cone,3.7 ,3
2604,caramel-kona-coffee-cookies,5 ,3
2605,super-chronic,4.7 ,6
2606,strawberry-satori,4.5 ,25
2607,mystery-jazz,5 ,3
2608,double-lemon-pie,5 ,1
2609,jamba-juice,4.6 ,5
2610,loud-lemonade,4.5 ,4
2611,alpha-cow,5 ,2
2612,orange-romulan,4 ,2
2613,pink-pez,4.1 ,12
2614,big-white,4.2 ,25
2615,berkeley,3.9 ,21
2616,vietnamese-bubba,4.7 ,3
2617,swiss-gold,4.6 ,16
2618,oteils-egyptian-kush,4.8 ,11
2619,old-mother-sativa,4.5 ,4
2620,wonder-haze,4.3 ,16
2621,quin-n-tonic,4.6 ,14
2622,mendo-afgoo,5 ,7
2623,sourlope,4.6 ,28
2624,lemon-berry-candy-og,1 ,1
2625,wally-og,3.9 ,9
2626,digweed,4 ,21
2627,leonidas,3.8 ,4
2628,savage-citrus-sunshine,4.5 ,2
2629,kandahar,4.7 ,7
2630,toxic-punch,3.9 ,16
2631,strawberry-akeil,4 ,1
2632,swiss-sativa,4.5 ,2
2633,wembley,4.7 ,3
2635,grand-hustle,3.9 ,35
2636,michka,5 ,1
2638,jungle-spice,5 ,1
2639,zeta-sage,4.5 ,63
2640,tangerine-trainwreck-haze,4.3 ,6
2641,romulan-haze,4.5 ,8
2642,hawaiian-sunrise,4.1 ,9
2643,the-big-dirty,5 ,3
2645,carpet-tape,4.7 ,6
2647,legendary-lemon,4 ,5
2648,everlast,4.6 ,14
2649,frozen-tangerines,5 ,1
2650,rafael,5 ,1
2651,batgirl,5 ,3
2652,space-needle,3.6 ,12
2654,americano,4.6 ,5
2655,joes-lemonade,4.5 ,2
2656,russian-roulette,4.5 ,2
2657,ultra-banana,5 ,5
2658,green-door-kush,4.1 ,11
2659,coyote-art,5 ,1
2660,the-loops,4.8 ,5
2661,madagascar,4.1 ,9
2662,ladyburn-1974,4.2 ,13
2663,club-69,5 ,3
2665,eastern-european,3.7 ,3
2666,haze-mist,4 ,3
2667,purple-pantera,4.8 ,5
2668,white-knight,4.3 ,21
2669,ny-47,3.9 ,13
2670,maui-berry,3.5 ,6
2671,reclining-buddha,4.8 ,13
2672,magic-beans-og,4.3 ,9
2673,gi-001,5 ,13
2674,lemon-marmalade,4.8 ,16
2675,bloodhound,4.3 ,17
2676,star-47,4.3 ,3
2677,tigermelon,3 ,7
2679,newberry,5 ,2
2681,earthshaker-og,4.4 ,9
2682,diamond-socks,4.3 ,3
2683,space-monster,4.3 ,4
2685,jackalope,4.3 ,13
2686,honey-rock,4 ,2
2688,seattle-cough,4.8 ,53
2689,south-indian-indica,3.8 ,5
2691,fat-nelson,4.5 ,8
2692,drizella,4.7 ,9
2693,the-brotherhood,4.6 ,9
2694,valley-ghash,4.5 ,8
2695,colorado-bubba,4.3 ,10
2696,appalachian-power,4.3 ,6
2697,alien-reunion,4.9 ,11
2698,high-noon-irish-cream,5 ,3
2699,huckleberry-hound,4.7 ,3
2700,biddy-early,4.2 ,11
2701,apollo-haze,5 ,4
2702,nl5-haze-mist,4.3 ,9
2703,dutch-47,5 ,4
2704,four-cups,5 ,4
2706,mission-kush,4.3 ,3
2708,gabriel-sherbet,4.5 ,8
2709,sputnik,4.5 ,19
2710,the-forbidden-candy,4.6 ,5
2711,og-ringo,4.3 ,21
2712,kahuna,4.2 ,6
2713,ocas-cloud-9,4.4 ,15
2716,c3,5 ,2
2717,fuzzy-navel,3 ,1
2718,sumo-og-kush,4.3 ,3
2719,white-tygh-dream,5 ,9
2720,chef-kush,5 ,2
2721,tjs-cbd,4.4 ,21
2722,avi,3.2 ,6
2723,hawaiian-thunder-fuck,3.3 ,16
2724,moondance,4.9 ,7
2725,durban-princess,4.9 ,7
2726,leda-uno,5 ,4
2727,cerebro-haze,4.4 ,5
2728,silver-nina,5 ,2
2730,rockstar-master-kush,3.9 ,27
2732,super-snow-lotus,4.3 ,3
2733,kid-n-cookies,4.6 ,8
2734,big-band,4.7 ,10
2735,pvc-og,4.5 ,2
2736,dj-smoke,4.3 ,3
2738,stratosphere,5 ,1
2739,cherry-slyder,4.8 ,6
2740,brian-berry-citrus-blend,5 ,1
2741,eugene-cream,4.6 ,22
2742,doox,4.4 ,5
2743,peles-fire-og,5 ,6
2744,purple-aurora,5 ,4
2745,las-vegas-purple-kush-bx,4.8 ,8
2746,white-kryptonite,4.5 ,13
2747,huckleberries,5 ,2
2748,amethyst-bud,4.2 ,22
2749,kali-china,4.5 ,6
2751,phantom-arrow,5 ,3
2752,cotton-purple-chem,4.4 ,15
2753,fruit-rollupz,5 ,1
2754,lashkar-gah,4.7 ,15
2755,avalon,3.8 ,8
2756,afkansastan,4 ,5
2757,northwest-pineapple,5 ,2
2758,blue-jay-way,4.6 ,8
2760,travel-joint,4.5 ,15
2763,buddha-syrup,3 ,1
2764,bubba-doja,4.4 ,7
2765,earthquake,4.5 ,19
2766,hades-haze,4.8 ,4
2767,california-grapefruit,3.6 ,13
2768,dj-andy-williams,5 ,1
2769,erdpurt,4.5 ,2
2770,jilly-dawg,4.7 ,3
2772,chocolate-cheesecake,4.7 ,3
2773,haoma,4.4 ,13
2775,la-jack,4 ,6
2776,supernatural,4.4 ,20
2778,cloudcap,4.7 ,3
2779,red-widow,3.1 ,11
2780,vanilluna,4.8 ,6
2782,pine-queen-dream,4.6 ,7
2783,white-dawg-fire-og,5 ,4
2784,purple-sage,3.6 ,11
2785,champagne-diesel,5 ,4
2786,kelly-hill-gold,5 ,6
2787,chem-beyond-diesel-cbd,4 ,1
2788,rawtton,4 ,1
2789,monolith,4.9 ,7
2790,sleeskunk,4.3 ,13
2791,north-indian,4 ,4
2792,blackberry-snow-cone,4.5 ,4
2793,dirt-nap,4 ,1
2794,cbd-rich-blessing,5 ,1
2795,godzilla-blood,5 ,1
2798,blush,5 ,3
2800,sorcerers-apprentice,5 ,2
2801,golden-calyx,5 ,4
2804,manitoba-poison,4.5 ,8
2805,midnight-mass,5 ,1
2806,lennon,4.5 ,2
2807,cherry-mender,4.6 ,5
2808,oldtimers-haze,5 ,1
2809,seattle-summer,5 ,4
2810,bog-blue-kush,5 ,1
2811,pokie,3.5 ,15
2813,hoodwreck,4.2 ,6
2814,rip-city-purps,4.4 ,7
2816,ruby-rose,5 ,1
2817,pineapple-hash-plant,5 ,2
2818,tangerine-g13,5 ,1
2819,diesel-duff,3.5 ,11
2820,black-rose,5 ,2
2821,eagle-bill,5 ,1
2822,inferno-haze,5 ,1
2823,gobbilygoo,4.5 ,12
2825,king-thunder-fuck,4.7 ,7
2827,sour-lemons,4 ,1
2829,athabasca,4.6 ,5
2831,dolla-sign-og-kush,5 ,6
2832,fruitylicious,4.1 ,14
2833,white-slipper,4.5 ,31
2834,ethos-hash-plant-bx1,5 ,2
2835,mag-91,4.6 ,8
2836,tangerine-man,4.7 ,17
2837,giesel-cookies,4 ,1
2838,motown-lockdown,4 ,1
2839,jabbas-stash,3 ,1
2841,mendo-supremo,4.5 ,2
2845,gold-kings-thai,4.3 ,3
2848,perfect-purple,5 ,2
2849,dick-cheese,2 ,2
2851,first-light,5 ,1
2852,pirate-radio,5 ,2
2853,chem-jong-ill,5 ,3
2855,neptune-kush,4.3 ,15
2856,dagwood,5 ,2
2857,super-glu,4.7 ,9
2858,humboldt-sour-diesel,5 ,1
2859,canna-wreck,4.3 ,4
2860,california-gold,5 ,1
2861,capers,4.6 ,9
2863,keystone-kush,4.6 ,20
2865,lost-creek,3 ,1
2866,smelliot,5 ,6
2868,gaswerx,4.5 ,2
2870,blob-og,4.7 ,12
2871,cirrus,5 ,9
2872,hawaii-78,4.8 ,6
2873,bingo-pajamas,5 ,1
2875,transformer,4 ,2
2876,white-choco-haze,5 ,1
2878,chem-jack,4.7 ,3
2880,electric-black-mamba,5 ,6
2881,spoetnik-1,4.8 ,5
2882,paris-xxx,4.4 ,8
2884,thai-girl,4 ,26
2885,ginger-punch,4.5 ,4
2886,blue-kiss,4.8 ,9
2887,wish-mountain,4.5 ,4
2888,purple-tonic,2.7 ,6
2889,carmel-cough,5 ,1
2890,queens-panties,4.3 ,7
2892,hustler-kush,4.7 ,14
2893,romping-goddess,3.2 ,5
2894,lethal-purple,3.6 ,7
2895,mossimo-og,4.2 ,11
2896,nexus-og,4.8 ,4
2897,krakatoa,4 ,2
2899,chocoholic,4 ,1
2900,sour-chocolate,3.9 ,10
2901,le-silver-royale,4.5 ,10
2902,huckleberry-desstar,5 ,1
2905,willies-ghost,4.5 ,2
2907,fauxsido,5 ,2
2908,face-off-bx2,4 ,1
2909,elevated-og,4 ,3
2912,dons-ghost,4 ,2
2919,neil-haze,5 ,1
2920,medical-49,4 ,1
2921,lambs-in-space,4.8 ,5
2922,divina-obscura,4.5 ,2
2923,punxsy-punch,4.1 ,14
2924,marionberry-pie,4 ,1
2925,mozambique-poison,5 ,3
2928,strange-brew,4 ,1
2929,sour-chocolate,3.9 ,10
2930,le-silver-royale,4.5 ,10
2931,jerusalem-express,5 ,2
2942,pulsar,5 ,1
2946,cali-orange-bud,3.5 ,2
2947,mossad,4 ,5
2953,skunk-plus,4.5 ,6
2955,dutch-dynasty,5 ,1
2956,kailua-pua,3 ,2
2957,mauna-kea-white-fire-og,4.7 ,3
2959,super-silver-bullet,4 ,1
2960,gnome-walker,5 ,1
2965,fighting-buddha,5 ,3
2966,oca-gold,4.8 ,5
2967,martian-muffins,4 ,2
2969,egyptian-musk,4 ,1
2970,sweet-dreams-b44e9f5d217a4d5eba9365ffa0047a94,4.3 ,6
2975,grape-crush,4.1 ,143
2976,loyality,4.8 ,4
2977,misty-morning,4.5 ,2
2978,jahwaiian,4.8 ,4
2979,sweet-harlem-diesel,3.8 ,5
2980,straight-as-haze,5 ,3
2981,purple-tide,1 ,1
2982,river-song,4.7 ,3
2983,destar-bx,4 ,1
2985,golden-healing,4.5 ,4
2986,leia-kush,5 ,1
2988,nice-cherry,4.3 ,14
2989,the-blintz,4.8 ,5
2990,thai-fantasy,5 ,1
2991,guava-dub-star,4 ,1
2993,kosher-tangie-kush,3 ,2
2995,jack-plant,5 ,1
3000,the-wills,5 ,3
3001,hawaiian-trinity,4.8 ,4
3002,chocolony,4 ,1
3004,sidetracked,4.7 ,3
3005,peachy-mack,4.5 ,4
3006,mighty-quin,3.7 ,3
3007,faded-glory,5 ,2
3010,jack-of-spades,4.8 ,4
3013,grape-god-bud,5 ,1
3015,moby-dick-20,5 ,1
3017,jacks-dragon-girl-7,3 ,1
3019,purple-berry-skunk,5 ,2
3024,alenuihaha,5 ,7
3032,strawberry-fruit-bound,1 ,1
3044,pestilence,5 ,1
3045,slice-of-heaven,5 ,2
3046,pineapple-mayhem,5 ,2
3048,placenta,4.5 ,2
3049,altoyd,3 ,1
3050,princesss-tiara,4.7 ,3
3051,alien-apparition,4.3 ,6
3052,cbd-ox,5 ,5
3053,molokai-purpz,5 ,3
3054,mango-habanero,4 ,3
3055,maui-haole,4.6 ,11
3056,blukashima,5 ,2
3057,dr-quantum,4 ,1
3058,g1000,5 ,1
3060,harley-twin,5 ,1
3064,dreamers-glass,4.4 ,18
3065,gatekeeper-og,5 ,5
3066,pagoda,5 ,5
3067,tangenesia,5 ,1
3068,murkle,3.5 ,2
3069,tahoe-frostbite,5 ,2
3070,hayleys-haze,5 ,5
3071,honduras,3 ,1
3072,mountain-girl-x-grape-ape,4 ,1
3075,ramses,4.5 ,2
3076,sage-walker,1 ,2
3077,revival,5 ,1
3078,bog-sour-grape,5 ,1
3079,sapphire-cherries,5 ,1
3080,mothertongue,4.7 ,3
3081,cougar-milk,5 ,1
3083,platinum-calyx,4.7 ,3
3084,silver-calyx,5 ,1
3085,starman,5 ,1
3086,humboldt-hawaiian,5 ,2
3089,sweet-dreams-b44e9f5d217a4d5eba9365ffa0047a94,4.3 ,6
3095,chocolate-drop,5 ,2
3100,crosswalker,4.4 ,9
3101,kalalau-kush,5 ,4
3114,omega-dawg,4.4 ,24
3115,afghooey,4 ,363
3116,khola,4.3 ,6
3117,lemon-oasis,5 ,1
3119,skins-skunk,5 ,2
3127,goji-diesel,4.8 ,5
3128,sweet-hawaiian-tangie-banana,5 ,1
3129,hai-fantasy,1 ,1
3130,mendo-queen,4.7 ,3
3131,the-cbg-blend,5 ,1
3132,love-is-love,5 ,1
3135,dreamtime,5 ,1
3136,white-walrus,2.5 ,2
3137,grape-calyx,5 ,8
3138,princesss-tiara,4.7 ,3
3139,alien-apparition,4.3 ,6
3140,cbd-ox,5 ,5
3141,snow-mountain,4.7 ,3
3142,gorkle,5 ,2
3143,grateful-grape,4 ,1
3147,haole,4.1 ,41
3148,bogart,4 ,7
3149,x-files,4.6 ,10
3151,gupta-haze,5 ,5
3152,lost-sierra-night-nurse,5 ,2
3153,tembo-kush,4.5 ,10
3154,kaleidos-dope,4 ,1
3156,concord-grape-blockhead,4.3 ,4
3168,plum-dawg-millionaire,5 ,1
3171,fat-axl,4.6 ,5
3172,boombaye,5 ,2
3173,cherwillie,4.3 ,3
3177,biker-leblanc,4.4 ,7
3178,logic-diesel,4.8 ,8
3179,khufu,4.3 ,20
3180,critters-cookies,3.8 ,5
3181,ridge-berry,4.5 ,2
3182,shiskaquine,4.6 ,10
3183,silver-cindy,5 ,1
3184,jack-burton,4.5 ,2
3185,waipi-o-hapa,4.5 ,10
3187,ogdlux,4 ,1
3189,force-og,5 ,2
3193,neil-haze,5 ,1
3194,jerusalem-express,5 ,2
3197,skunk-plus,4.5 ,6
3198,kailua-pua,3 ,2
3205,tommys-home-grown,3.7 ,18
3206,malakoff,4 ,10
3208,fighting-buddha,5 ,3
3209,oca-gold,4.8 ,5
3210,jack-burton,4.5 ,2
3211,waipi-o-hapa,4.5 ,10
3213,ogdlux,4 ,1
3215,force-og,5 ,2
3217,wolfberry,4 ,2
3218,tarmonster,5 ,2
3219,the-sheriff,4 ,1
3220,silverfalls-kush,4.8 ,5
3221,space-poison,4 ,1
3222,smooth-operator,4 ,2
3223,la-nina,4.7 ,3
3224,elderberry-kush,4 ,27
3225,twista,4.3 ,17
3226,blueberry-waltz,4.9 ,7
3227,tachllta-till,5 ,1
3240,maui-haole,4.6 ,11
3241,blukashima,5 ,2
3242,dr-quantum,4 ,1
3243,g1000,5 ,1
3245,prevention,5 ,4
3248,berry-noir,4.4 ,9
3249,elderberry-kush,4 ,27
3262,lemon-oasis,5 ,1
3264,skins-skunk,5 ,2
3265,sweet-nina,3.9 ,7
3267,crocketts-sour-tangie,5 ,1
3272,q3,3.6 ,8
3274,super-cat-piss,3.6 ,11
3275,taliban-poison,1.8 ,6
3276,jenni,4.8 ,6
3277,turbo-mind-warp,4.4 ,12
3278,lady-liberty,4.3 ,4
3279,chairman-chem-sou,4.4 ,5
3281,rebel-tangie-kandy,5 ,1
3282,gammaberry,5 ,1
3283,xanadu,4.8 ,4
3284,proper-bho-shatter-h-139023,4.8 ,8
3285,proper-bho-shatter-i-139024,4.2 ,11
3286,proper-bho-shatter-s-139087,4.6 ,7
3287,proper-pho-shatter-i-139089,2 ,1
3288,golden-xtrx-co2-dabbables-h-139120,5 ,3
3289,golden-xtrx-co2-dabbables-s-139151,4.5 ,4
3291,golden-xtrx-co2-dabbables-i-139183,4.8 ,6
3293,gupta-haze,5 ,5
3294,lost-sierra-night-nurse,5 ,2
3295,tembo-kush,4.5 ,10
3296,kaleidos-dope,4 ,1
3298,concord-grape-blockhead,4.3 ,4
3302,apollo-13-haze,5 ,1
3303,cindy-haze,5 ,1
3316,royal-flush,5 ,1
3317,x-tra-chz,4 ,2
3318,copper-kush,4.1 ,9
3319,big-holy-nina,4 ,2
3320,spyder-mon,5 ,3
3322,dreadlock,4 ,3
3323,blueberry-waltz,4.9 ,7
3331,edi-pure-dried-pineapples-63984,4 ,5
3332,throwback-kush,4.3 ,3
3333,x-file,4.5 ,2
3334,kaptns-grand-dream,5 ,3
3335,true-x,3 ,4
3336,kuato,4.9 ,7
3337,luca-brasi,5 ,1
3338,legalized-og,4.8 ,19
3339,chocolate-sap,4.8 ,4
3340,walrus-kush,4.3 ,6
3341,blackberry-hashplant,3.1 ,27
3342,wsu,4.4 ,16
3343,ganesh-berry,4.6 ,11
3344,deadwood,4.1 ,9
3346,purple-linda,5 ,3
3347,rigger-kush,4 ,1
3348,hoarfrost,4.8 ,4
3349,clementines-terpentine,4.5 ,2
3350,do-over-og,4.7 ,3
3351,luca-brasi-x-sour-diesel,4.4 ,19
3352,white-bastard,4.5 ,6
3353,weebes-world,4 ,2
3354,sweet-lafayette,3.4 ,15
3355,middlefork-x-pineapple-express,4.9 ,11
3356,dream-police,3.7 ,7
3367,face-off-og-bx1,5 ,1
3368,capleton,4.5 ,4
3371,el-na,5 ,1
3372,dorit,4.4 ,7
