,strain,High,Low
0,blue-dream,20 ,16
1,gelato,20 ,14
2,sour-diesel,20 ,16
3,wedding-cake,24 ,17
4,gsc,21 ,16
5,purple-punch,20 ,16
6,og-kush,20 ,16
7,original-glue,22 ,18
8,jack-herer,19 ,15
9,green-crack,18 ,15
10,granddaddy-purple,19 ,15
11,white-widow,18 ,14
12,sunset-sherbert,20 ,16
13,pineapple-express,19 ,14
14,zkittlez,20 ,16
15,northern-lights,19 ,14
16,mimosa,22 ,18
17,do-si-dos,22 ,18
18,bubba-kush,19 ,14
19,durban-poison,19 ,14
20,forbidden-fruit,17 ,14
21,chemdawg,22 ,16
22,ak-47,18 ,14
23,trainwreck,19 ,14
24,super-lemon-haze,20 ,15
25,amnesia-haze,20 ,16
26,lemon-haze,19 ,16
27,stardawg,22 ,18
28,cherry-pie,18 ,14
29,bruce-banner,25 ,19
30,strawberry-cough,19 ,15
31,blue-cookies,21 ,14
32,mendo-breath,21 ,15
33,9-pound-hammer,20 ,16
34,blueberry,19 ,14
35,super-silver-haze,20 ,15
36,mac,24 ,19
37,ice-cream-cake,24 ,19
38,sfv-og,21 ,17
39,alien-og,20 ,13
40,animal-cookies,21 ,17
41,alaskan-thunder-fuck,19 ,14
42,tangie,19 ,14
43,ghost-train-haze,19 ,14
44,grape-ape,19 ,14
45,blue-cheese,18 ,14
46,birthday-cake-kush,19 ,16
47,tahoe-og,20 ,15
48,king-louis,21 ,18
49,candyland,21 ,16
50,master-kush,19 ,15
51,strawberry-banana,23 ,18
52,banana-kush,20 ,17
53,sundae-driver,23 ,19
54,gmo-cookies,24 ,17
55,fire-og,21 ,16
56,purple-kush,18 ,13
57,cookies-and-cream,23 ,18
58,headband,21 ,16
59,g-13,19 ,17
60,la-confidential,18 ,15
61,harlequin,6 ,3
62,platinum-gsc,20 ,15
63,maui-wowie,19 ,15
64,platinum-og,20 ,17
65,berry-white,18 ,14
66,purple-haze,18 ,14
67,white-fire-og,23 ,17
68,bubble-gum,18 ,14
69,cinderella-99,17 ,13
70,cookies-kush,20 ,15
71,zookies,20 ,17
72,cheese,18 ,14
73,jet-fuel,20 ,16
74,mango-kush,21 ,16
75,lsd,19 ,14
76,lemon-og,22 ,16
77,grease-monkey,24 ,19
78,kosher-kush,22 ,18
79,critical-kush,20 ,15
80,lemon-kush,21 ,17
81,white-rhino,19 ,15
82,pink-kush,18 ,15
83,acdc,1,0
84,slurricane,19 ,17
85,gelato-33,21 ,16
86,ghost-og,23 ,17
87,thin-mint,21 ,16
88,blackberry-kush,18 ,13
89,wedding-crasher,25 ,21
90,acapulco-gold,20 ,15
91,superglue,21 ,17
92,afghan-kush,19 ,14
93,golden-goat,20 ,16
94,khalifa-kush,20 ,19
95,gods-gift,17 ,14
96,banana-og,23 ,18
97,lemon-skunk,20 ,15
98,chocolope,18 ,13
99,sour-tangie,20 ,15
100,super-sour-diesel,22 ,16
101,platinum-kush,20 ,15
102,orange-cookies,20 ,16
103,purple-urkle,18 ,13
104,tangerine-dream,18 ,14
105,gorilla-cookies,21 ,15
106,amnesia,19 ,15
107,death-star,21 ,14
108,hindu-kush,19 ,15
109,white-buffalo,19 ,16
110,clementine,19 ,13
111,black-diamond,18 ,14
112,larry-og,20 ,15
113,nyc-diesel,21 ,17
114,silver-haze,23 ,19
115,fpog,19 ,15
116,blueberry-kush,18 ,14
117,blueberry-muffins,18 ,14
118,24k-gold,22 ,19
119,haze,22 ,14
120,critical-mass,19 ,15
121,sour-og,22 ,15
122,venom-og,20 ,17
123,cannatonic,7 ,3
124,lemon-cake,23 ,17
125,afghani,17 ,13
126,true-og,20 ,17
127,xj-13,18 ,15
128,key-lime-pie,19 ,16
129,jillybean,17 ,13
130,the-white,23 ,18
131,papaya,17 ,13
132,tropicana-cookies,19 ,15
133,moby-dick,17 ,13
134,ice-cream,21 ,17
135,gushers,25 ,23
136,island-sweet-skunk,19 ,15
137,mk-ultra,21 ,17
138,kandy-kush,19 ,14
139,holy-grail-kush,22 ,16
140,blue-diesel,18 ,14
141,fruit-punch,18 ,14
142,platinum-bubba-kush,17 ,13
143,dutch-treat,21 ,17
144,dutch-hawaiian,20 ,15
145,lamb-s-bread,18 ,15
146,orange-kush,18 ,14
147,super-skunk,18 ,14
148,agent-orange,16 ,12
149,chernobyl,20 ,15
150,grapefruit,19 ,15
151,black-jack,20 ,16
152,gorilla-grapes,16 ,12
153,diamond-og,20 ,16
154,sensi-star,21 ,16
155,monster-cookies,22 ,17
156,cotton-candy-kush,18 ,14
157,blackwater,20 ,15
158,godfather-og,20 ,14
159,shishkaberry,18 ,14
160,mango,19 ,15
161,triangle-kush,21 ,17
162,blackberry,19 ,15
163,3-kings,19 ,14
164,juicy-fruit,20 ,13
165,lemon-tree,18 ,17
166,motorbreath,26 ,20
167,mr-nice,17 ,13
168,flo,18 ,13
169,romulan,18 ,13
170,rockstar,18 ,16
171,pineapple-kush,18 ,15
172,og-18,23 ,18
173,lemon-meringue,21 ,18
174,mango-haze,18 ,15
175,obama-kush,19 ,15
176,laughing-buddha,21 ,19
177,blueberry-headband,19 ,15
178,orange-crush,19 ,15
179,cheese-quake,21 ,16
180,god-bud,17 ,14
181,blue-zkittlez,17 ,13
182,rainbow,18 ,14
183,sour-kush,21 ,16
184,white-russian,19 ,14
185,pineapple,19 ,15
186,sweet-tooth,19 ,16
187,white-tahoe-cookies,23 ,20
188,purple-trainwreck,17 ,14
189,dogwalker-og,24 ,20
190,jr,19 ,17
191,lemon-diesel,19 ,13
192,white-shark,18 ,13
193,ogkb,25 ,20
194,jungle-cake,24 ,19
195,pineapple-chunk,19 ,15
196,xxx-og,20 ,16
197,purple-diesel,17 ,12
198,nuken,23 ,19
199,charlottes-web,1,0
200,space-bomb,15 ,10
201,mandarin-cookies,20 ,17
202,black-domina,20 ,15
203,strawberry-kush,20 ,12
204,star-killer,23 ,19
205,remedy,1,0
206,tutankhamon,18 ,14
207,pennywise,8 ,5
208,big-bud,17 ,13
209,sugar-cookie,24 ,19
210,uk-cheese,18 ,15
211,california-orange,16 ,13
212,hash-plant,19 ,14
213,east-coast-sour-diesel,21 ,17
214,pre-98-bubba-kush,18 ,13
215,power-plant,21 ,14
216,cat-piss,19 ,15
217,j1,21 ,16
218,alien-dawg,19 ,14
219,face-off-og,23 ,16
220,goji-og,21 ,17
221,king-kush,22 ,18
222,deadhead-og,20 ,15
223,lavender,19 ,15
224,707-headband,20 ,14
225,banana-split,21 ,14
226,liberty-haze,21 ,16
227,sour-apple,16 ,13
228,wookies,22 ,19
229,3x-crazy,14 ,12
230,bubblegum-kush,16 ,15
231,dream-queen,19 ,14
232,dolato,27 ,22
233,mendocino-purps,15 ,11
234,hawaiian,22 ,17
235,pink-lemonade,20 ,16
236,thc-bomb,21 ,14
237,chronic,16 ,12
238,red-dragon,19 ,15
239,pink-cookies,21 ,19
240,purple-og-kush,17 ,14
241,candy-jack,20 ,18
242,paris-og,22 ,19
243,cinex,17 ,13
244,orange-bud,18 ,13
245,double-dream,20 ,16
246,presidential-og,19 ,15
247,rudeboi-og,22 ,18
248,diablo,21 ,19
249,golden-pineapple,22 ,18
250,zombie-kush,13 ,11
251,black-mamba,22 ,16
252,kimbo-kush,20 ,15
253,strawberry-diesel,20 ,13
254,bubba-og,18 ,16
255,jack-the-ripper,18 ,14
256,harle-tsu,1,0
257,blueberry-cookies,17 ,13
258,purple-candy,17 ,14
259,afgoo,20 ,13
260,ice,18 ,14
261,sour-banana-sherbet,22 ,16
262,banjo,19 ,18
263,snowcap,20 ,15
264,lucky-charms,22 ,18
265,violator-kush,16 ,14
266,black-cherry-soda,20 ,15
267,vanilla-kush,19 ,16
268,yoda-og,19 ,15
269,peanut-butter-breath,25 ,20
270,legend-og,23 ,18
271,cherry-kush,20 ,16
272,sour-cookies,22 ,17
273,boss-og,19 ,18
274,kali-mist,19 ,16
275,royal-highness,17 ,15
276,sour-tsunami,1,0
277,white-cookies,21 ,15
278,jesus-og,22 ,17
279,sunshine,24 ,22
280,strawberry,17 ,12
281,cookie-dough,22 ,17
282,phantom-cookies,20 ,15
283,thai,19 ,18
284,og-chem,25 ,17
285,sfv-og-kush,21 ,17
286,hells-og,23 ,21
287,la-cake,23 ,17
288,blue-widow,15 ,9
289,golden-lemon,23 ,19
290,purple-gorilla,18 ,16
291,watermelon-zkittlez,25 ,22
292,headbanger,22 ,20
293,pure-kush,19 ,15
294,tangerine-haze,18 ,17
295,alien-rock-candy,23 ,17
296,blueberry-cheesecake,21 ,16
297,fruit-loops,21 ,17
298,phantom-og,22 ,16
299,blueberry-diesel,19 ,15
300,purple-hindu-kush,21 ,18
301,bruce-banner-3,25 ,19
302,lemon-g,21 ,16
303,hardcore-og,21 ,18
304,dr-who,21 ,16
305,elmers-glue,21 ,16
306,grape-god,18 ,13
307,mob-boss,21 ,17
308,citrus-sap,21 ,16
309,blueberry-haze,17 ,16
310,king-kong,17 ,14
311,canna-tsu,6 ,3
312,sour-space-candy,1,0
313,scooby-snack,24 ,18
314,ace-of-spades,17 ,14
315,herojuana,21 ,19
316,blue-magoo,19 ,16
317,dark-star,22 ,14
318,royal-kush,19 ,15
319,mint-chocolate-chip,21 ,18
320,black-dog,18 ,14
321,ayahuasca-purple,17 ,15
322,donkey-butter,18 ,16
323,raskal-og,21 ,17
324,lemonhead-og,21 ,19
325,cherry-og,21 ,16
326,cannalope-haze,16 ,14
327,moonshine-haze,18 ,15
328,alien-kush,21 ,17
329,docs-og,17 ,16
330,hawaiian-haze,21 ,16
331,sour-jack,17 ,14
332,banana-punch-9,24 ,18
333,hawaiian-snow,20 ,17
334,lifter,1,0
335,blue-haze,21 ,15
336,quantum-kush,21 ,16
337,shark-shock,19 ,16
338,blueberry-og,18 ,15
339,raspberry-kush,19 ,15
340,vortex,18 ,14
341,dj-short-blueberry,19 ,16
342,willys-wonder,20 ,16
343,cherry-ak-47,19 ,15
344,black-cherry-og,19 ,13
345,delahaze,21 ,16
346,super-jack,19 ,16
347,rollex-og-kush,22 ,16
348,big-smooth,21 ,18
349,pink-champagne,20 ,17
350,cbd-critical-mass,7 ,4
351,501st-og,23 ,20
352,abusive-og,18 ,14
353,grape-kush,19 ,15
354,golden-ticket,20 ,16
355,critical-plus,19 ,14
356,huckleberry,18 ,15
357,peach-cobbler,19 ,16
358,cookie-monster,19 ,15
359,lemon-cookies,21 ,19
360,snoop-s-dream,20 ,17
361,tangerine-kush,18 ,16
362,chemo,18 ,16
363,cherry-wine,1,0
364,the-black,18 ,13
365,snow-white,19 ,16
366,dirty-girl,20 ,17
367,purple-dream,18 ,14
368,jedi-kush,22 ,16
369,chocolate-diesel,23 ,18
370,blue-og,19 ,14
371,spk,19 ,17
372,bio-diesel,19 ,15
373,black-lime-special-reserve,20 ,14
374,gummy-bears,19 ,18
375,somango,21 ,16
376,kosher-tangie,21 ,16
377,plushberry,18 ,14
378,incredible-bulk,20 ,17
379,wookie,20 ,17
380,chiesel,21 ,19
381,blue-frost,20 ,14
382,duct-tape,21 ,18
383,pie-hoe,26 ,21
384,berry-og,18 ,15
385,chocolate-thai,19 ,14
386,scotts-og,23 ,17
387,tangerine,18 ,13
388,melonade,22 ,19
389,permafrost,19 ,14
390,pink-starburst,23 ,18
391,chocolate-hashberry,19 ,13
392,sour-grape,19 ,17
393,dragons-breath,17 ,16
394,strawberry-fields,19 ,16
395,mars-og,20 ,17
396,chiquita-banana,26 ,24
397,elektra,1,0
398,allen-wrench,19 ,15
399,suver-haze,16 ,15
400,blue-mystic,17 ,15
401,mothers-milk,24 ,19
402,lee-roy,21 ,18
403,grape-pie,20 ,11
404,space-cake,18 ,17
405,aurora-indica,17 ,14
406,pineapple-og,19 ,13
407,goo,18 ,14
408,apple-kush,20 ,18
409,cherry-cookies,17 ,16
410,rainmaker,20 ,17
411,sour-patch-kiss,17 ,14
412,kryptonite,19 ,14
413,inzane-in-the-membrane,25 ,24
414,space-candy,20 ,16
415,blue-diamond,20 ,15
416,matanuska-thunder-fuck,18 ,15
417,afgooey,18 ,14
418,purple-panty-dropper,21 ,13
419,super-blue-dream,19 ,17
420,ringos-gift,1,0
421,purple-monkey-balls,24 ,17
422,grape-soda,19 ,15
423,pine-tar-kush,24 ,22
424,blue-hawaiian,18 ,15
425,strawberry-og,20 ,19
426,fortune-cookies,20 ,16
427,lemonberry,16 ,13
428,orange-sherbert,18 ,13
429,lemon-jack,20 ,15
430,critical-jack,19 ,14
431,whitewalker-og,22 ,18
432,memory-loss,23 ,19
433,lemon-garlic-og,11 ,5
434,deathstar-og,23 ,19
435,honey-bananas,21 ,18
436,lime-skunk,24 ,17
437,candy-cane,20 ,18
438,wonder-woman,19 ,13
439,22,20 ,16
440,pie-face-og,20 ,16
441,night-terror-og,21 ,17
442,ak-48,16 ,14
443,orange-cream,21 ,16
444,mandarin-sunset,15 ,14
445,double-tangie-banana,19 ,16
446,extreme-cream,24 ,17
447,gorilla-blue,22 ,19
448,pineapple-trainwreck,18 ,14
449,white-og,22 ,16
450,grandpas-breath,20 ,17
451,sage-n-sour,20 ,15
452,jack-flash,20 ,16
453,snowball,24 ,21
454,orange-haze,21 ,16
455,blue-kush,18 ,13
456,purple-berry,18 ,14
457,orange-juice,19 ,17
458,jamaican,15 ,10
459,white-fire-43,22 ,17
460,sunshine-daydream,25 ,19
461,mango-tango,20 ,13
462,cannalope-kush,19 ,14
463,la-woman,20 ,15
464,northern-lights--5,21 ,17
465,master-og,22 ,17
466,alien-rift,22 ,18
467,banana-cream-og,23 ,15
468,slimer-og,22 ,19
469,gilz-nilz,20 ,13
470,marmalade,17 ,16
471,purple-sour-diesel,18 ,14
472,lost-coast-og,19 ,18
473,special-sauce,1,0
474,ogre,22 ,17
475,ninja-fruit,20 ,15
476,purple-afghani,19 ,14
477,chocolate-fondue,20 ,19
478,nightmare-cookies,22 ,18
479,bay-dream,20 ,17
480,sinmint-cookies,24 ,19
481,sage,20 ,14
482,maui,21 ,18
483,cactus,22 ,20
484,apollo-13,19 ,18
485,purple-animal-cookies,18 ,18
486,yeti-og,21 ,17
487,martian-candy,22 ,11
488,bubbas-gift,15 ,12
489,purple-raine,19 ,15
490,gorilla-breath,21 ,19
491,green-ribbon,18 ,16
492,white-gorilla,21 ,17
493,querkle,19 ,14
494,sunny-d,20 ,17
495,jah-goo,17 ,14
496,black-cherry-pie,20 ,11
497,trinity,19 ,14
498,game-changer,15 ,14
499,tangie-cookies,20 ,17
500,salmon-river-og,18 ,15
501,sweeties,22 ,19
502,tangilope,17 ,12
503,super-kush,20 ,19
504,granola-funk,25 ,23
505,ancient-og,19 ,16
506,grapefruit-diesel,16 ,11
507,blood-orange-kush,19 ,14
508,hellfire-og,23 ,19
509,lemon-ice,18 ,17
510,burmese-kush,20 ,14
511,biker-kush,19 ,15
512,ice-cream-man,20 ,20
513,head-cheese,24 ,19
514,white-walker-kush,20 ,14
515,kosher-dawg,22 ,16
516,night-nurse,17 ,14
517,walter-white,21 ,18
518,crown-royale,13 ,12
519,og-cheese,14 ,12
520,cbd-critical-cure,6 ,5
521,dairy-queen,18 ,15
522,purple-cream,14 ,9
523,humboldt,21 ,17
524,montana-silvertip,22 ,17
525,super-sour-og,23 ,17
526,purple-tangie,13 ,11
527,nepalese,20 ,18
528,tillamook-strawberry,18 ,14
529,blackberry-fire,18 ,16
530,moose-and-lobsta,24 ,19
531,grandmas-sugar-cookies,18 ,17
532,pineapple-skunk,20 ,17
533,white-lightning,19 ,16
534,la-og,21 ,17
535,the-sauce,22 ,17
536,banana-bread,21 ,15
537,haze-berry,21 ,18
538,albert-walker,19 ,14
539,pineapple-diesel,19 ,14
540,lemon-alien-dawg,19 ,16
541,sugar-kush,19 ,10
542,sour-alien,22 ,19
543,killer-queen,18 ,16
544,dragon-og,22 ,15
545,blue-rhino,18 ,14
546,dragon-fruit,20 ,19
547,future,23 ,16
548,bubblicious,18 ,13
549,romulan-grapefruit,18 ,17
550,bananas,23 ,18
551,sour-power,21 ,19
552,godzilla,22 ,20
553,c4,19 ,18
554,cataract-kush,21 ,15
555,double-og,15 ,15
556,sweet-kush,18 ,16
557,forum-cut-cookies,23 ,20
558,blueberry-ak,18 ,17
559,amherst-sour-diesel,17 ,14
560,grape-cookies,18 ,17
561,locomotion,18 ,15
562,sour-kosher,21 ,17
563,orange-dream,16 ,13
564,oregon-diesel,17 ,14
565,violet-delight,22 ,18
566,chocolate-chunk,20 ,15
567,cuvee,19 ,14
568,jack-haze,17 ,14
569,cbd-kush,9 ,5
570,marionberry-kush,20 ,15
571,white-urkle,21 ,16
572,blue-crack,18 ,16
573,chronic-thunder,19 ,13
574,buddha-tahoe,18 ,14
575,candy-apple,19 ,15
576,durban-cookies,23 ,12
577,emerald-og,18 ,13
578,tangerine-power,19 ,16
579,green-queen,18 ,15
580,skunk-haze,19 ,11
581,snowland,21 ,16
582,boss-hogg,17 ,12
583,pineapple-jack,20 ,14
584,sour-headband,22 ,20
585,bubbleberry,18 ,13
586,frosted-cherry-cookies,22 ,19
587,oregon-lemons,21 ,17
588,chem-cookies,23 ,16
589,shangri-la,18 ,15
590,super-lemon-og,19 ,18
591,chem-scout,23 ,20
592,white-fire-alien-og,22 ,18
593,timewreck,19 ,16
594,madman-og,21 ,18
595,bay-platinum-cookies,21 ,17
596,cracker-jack,21 ,19
597,caramelo,19 ,15
598,gumbo,26 ,21
599,red-cherry-berry,19 ,18
600,sour-candy,20 ,15
601,warlock,15 ,15
602,crown-og,22 ,20
603,aliens-on-moonshine,4 ,4
604,the-guice,21 ,15
605,green-candy,17 ,14
606,tina,21 ,16
607,cherry-kola,17 ,14
608,blue-moonshine,17 ,12
609,sequoia-strawberry,21 ,21
610,frankenstein,21 ,17
611,suzy-q,1,0
612,cbd-mango-haze,4 ,3
613,conspiracy-kush,20 ,17
614,blue-lights,17 ,15
615,blucifer,18 ,13
616,trap-star,22 ,21
617,pineapple-fields,18 ,15
618,in-the-pines,17 ,14
619,hurkle,19 ,15
620,a-train,20 ,17
621,a-dub,25 ,20
622,afgahni-bullrider,19 ,17
623,green-lantern,20 ,17
624,medicine-man,17 ,15
625,medusa,17 ,14
626,mt-hood-magic,27 ,19
627,alien-walker,20 ,17
628,strawberry-cake,18 ,14
629,blackberry-cream,21 ,15
630,berry-bomb,18 ,14
631,green-dragon,22 ,19
632,lemon-cheesecake,19 ,17
633,extreme-og,21 ,15
634,valley-girl,25 ,20
635,tropicana-punch,26 ,20
636,atomic,15 ,14
637,purple-goo,16 ,14
638,black-cherry-cheesecake,20 ,15
639,black-ice,18 ,13
640,silver-surfer,19 ,15
641,lemon-kush-headband,21 ,19
642,purple-frost,19 ,14
643,woody-kush,19 ,18
644,white-diesel,19 ,16
645,cbd-blue-shark,7 ,5
646,chem-valley-kush,25 ,16
647,hogs-breath,21 ,16
648,purple-elephant,19 ,15
649,sour-sunset,20 ,16
650,tangie-dream,20 ,18
651,early-girl,21 ,18
652,purple-headband,24 ,15
653,earth-og,19 ,15
654,purple-wreck,17 ,15
655,saturn-og,19 ,16
656,pure-og,20 ,17
657,diesel-dough,24 ,15
658,lemon-banana-sherbet,21 ,19
659,false-teeth,24 ,18
660,black-haze,16 ,12
661,purple-star,19 ,16
662,cookie-breath,21 ,17
663,mickey-kush,19 ,15
664,crater-lake,20 ,18
665,apollo-11,21 ,17
666,purple-arrow,19 ,16
667,silver-pearl,20 ,16
668,chocolope-kush,19 ,15
669,pandoras-box,19 ,15
670,bubba-cookies,21 ,17
671,strawberry-ice,18 ,16
672,deep-sleep,18 ,15
673,blue-fire,18 ,15
674,og-sour-diesel,19 ,15
675,la-kookies,21 ,17
676,the-one,20 ,15
677,sour-cream,22 ,19
678,ambrosia,20 ,15
679,purple-mr-nice,15 ,11
680,locktite,19 ,16
681,jack-skellington,18 ,15
682,snowman,20 ,11
683,blueberry-jack,18 ,17
684,ghost-cookies,22 ,18
685,the-truth,18 ,16
686,jesus,20 ,16
687,iced-grapefruit,18 ,16
688,critical,18 ,13
689,black-betty,19 ,16
690,brian-berry-cough,17 ,14
691,florida-og,22 ,19
692,fruity-chronic-juice,17 ,13
693,silver-mountain,20 ,19
694,pitbull,19 ,14
695,confidential-cheese,23 ,17
696,darkside-og,19 ,16
697,firewalker-og,21 ,19
698,hammerhead,20 ,13
699,kushage,27 ,22
700,mad-dawg,18 ,15
701,kona-gold,18 ,15
702,sour-strawberry,16 ,14
703,uw,19 ,14
704,samoa-kush,21 ,17
705,birds-of-paradise,19 ,17
706,purple-nepal,19 ,16
707,designer-og,19 ,17
708,strawberry-dream,19 ,18
709,giesel,19 ,16
710,franks-gift,8 ,6
711,the-third-dimension,14 ,13
712,og-strawberry,23 ,17
713,purple-ice,20 ,16
714,twisted-citrus,20 ,15
715,pineberry,17 ,14
716,ko-kush,21 ,15
717,chupacabra,21 ,17
718,white-queen,20 ,15
719,ultraviolet-og,20 ,16
720,gutbuster,18 ,15
721,cherry-vanilla-cookies,19 ,16
722,ripped-bubba,17 ,15
723,alpine-star,23 ,15
724,silver-back,20 ,15
725,silverhawks-og,22 ,18
726,white-ice,20 ,18
727,alien-breath,24 ,20
728,mother-tongue,19 ,15
729,iron-triangle,23 ,19
730,azure-haze,17 ,12
731,tesla,21 ,19
732,jazz,19 ,14
733,scouts-honor,25 ,23
734,la-cheese,23 ,15
735,blue-dynamite,17 ,16
736,tangie-ghost-train,16 ,11
737,strawberry-blue,16 ,14
738,alien-cookies,22 ,16
739,killer-grape,16 ,15
740,cheese-candy,18 ,15
741,dream-beaver,22 ,18
742,purple-paralysis,17 ,17
743,the-flav,18 ,14
744,belladonna,17 ,10
745,platinum-wreck,20 ,19
746,limon,25 ,20
747,banana-sorbet,25 ,16
748,karma-og,21 ,20
749,big-sur-holy-bud,19 ,17
750,pineapple-sage,22 ,19
751,pineapple-thai,17 ,14
752,cbd-og,27 ,16
753,grimace-og,19 ,15
754,ocd,24 ,13
755,pearl-scout-cookies,25 ,12
756,black-magic,18 ,15
757,sweet-jane,19 ,17
758,raw-diesel,20 ,19
759,crocketts-confidential,22 ,20
760,blackberry-trainwreck,17 ,14
761,banana-peel,15 ,14
762,bubble-bomb,19 ,16
763,kaboom,16 ,13
764,desert-diesel,20 ,17
765,tina-danza,24 ,17
766,caramel-cake,21 ,17
767,morning-glory,19 ,18
768,wookies-cookies,16 ,14
769,huckleberry-diesel,22 ,20
770,valentine-x,1,0
771,animal-gas,22 ,19
772,k1,24 ,13
773,horace,24 ,24
774,burnt-cookies,18 ,17
775,alpine-blue,18 ,14
776,sour-sorbet,19 ,17
777,djs-gold,18 ,13
778,wtf,21 ,15
779,durban-kush,17 ,13
780,lucid-bolt,16 ,15
781,black-cheese,17 ,16
782,ogre-berry,17 ,15
783,sour-ape,23 ,18
784,chocolate-rain,26 ,21
785,daywalker,21 ,15
786,true-love,21 ,18
787,berry-blossom,17 ,14
788,lemonder,20 ,16
789,qleaner,16 ,15
790,sour-dog,20 ,15
791,white-super-skunk,21 ,18
792,star-tonic,4 ,3
793,deep-cheese,16 ,14
794,crocketts-dog,20 ,18
795,el-perro,21 ,19
796,strawberry-gum,25 ,20
797,black-84,20 ,14
798,als-dream,18 ,18
799,silver-la,18 ,12
800,strawberry-satori,20 ,16
801,jungle-spice,19 ,15
802,frozen-tangerines,16 ,15
803,space-monster,23 ,21
804,pvc-og,23 ,21
805,royal-salute,14 ,12
806,skunk-plus,18 ,13
807,purps-og,19 ,14
808,afghooey,18 ,14
809,seor-jack,19 ,18
810,trinity-kush,17 ,14
811,skunk-plus,18 ,13
812,daybreaker,19 ,16
813,bubba-76,16 ,13
